job_id,index_year,source_url,filename,id_url_mismatch,first_seen,last_fetched,sha256,http_status,fetch_note
012007,2017,https://media.ark.org/ardot/012007env.pdf,012007env.pdf,0,2026-09-14,2026-09-14,098060966eacc1d14f932553a82feaff61d3afb9c4a94e04c1fdbae362764b82,200,
012285,2017,https://media.ark.org/ardot/012285env.pdf,012285env.pdf,0,2026-09-14,2026-09-14,eb090f60129ae8add9c21a91f0665e8f4dc3e1201a83a6ab1b5b894e902f9a8f,200,
012287,2017,https://media.ark.org/ardot/012287env.pdf,012287env.pdf,0,2026-09-14,2026-09-14,860ebf7fca36c7aacce6f710c9c0563be7942c69653800e0ee27ef0f597b4ef6,200,
012288,2017,https://media.ark.org/ardot/012288env.pdf,012288env.pdf,0,2026-09-14,2026-09-14,47d6c1772dd2c12defbb302b321c63e3b6bd0f0eb681a6d25ed2c6ee2f149efa,200,
012289,2017,https://media.ark.org/ardot/012289env.pdf,012289env.pdf,0,2026-09-14,2026-09-14,1144b68a15b0d71f929adfaa64b6d2bc0c79ef8c32acb9525bd127f08524762f,200,
020484,2017,https://media.ark.org/ardot/020484env.pdf,020484env.pdf,0,2026-09-14,2026-09-14,deaada2c380de6847775cf3a0863bc4f3bbcce390ad24a8c28ea630e528b9b8c,200,
020595,2017,https://media.ark.org/ardot/020595env.pdf,020595env.pdf,0,2026-09-14,2026-09-14,d7ba95e8e95b6edb7f4c64cafa6394ce2c26f0787b183682b8f3959738beb746,200,
020636,2017,https://media.ark.org/ardot/020636env.pdf,020636env.pdf,0,2026-09-14,2026-09-14,9b0db3fcebb4991abba8a0a8be23c70efb40901f81dac29b296ba0c98ddd497d,200,
020647,2017,https://media.ark.org/ardot/020647env.pdf,020647env.pdf,0,2026-09-14,2026-09-14,50e1930a1bd6b297aff9dab3475b9169f2cdb56d66caca3c797cdbfbf912b480,200,
030486,2017,https://media.ark.org/ardot/030486env.pdf,030486env.pdf,0,2026-09-14,2026-09-14,37883d9a2bb10651346a22be216f3fa90b0678a1f41f63d4c6d5866007add700,200,
040686,2017,https://media.ark.org/ardot/040686env.pdf,040686env.pdf,0,2026-09-14,,,,
040728,2017,https://media.ark.org/ardot/040728env.pdf,040728env.pdf,0,2026-09-14,,,,
040730,2017,https://media.ark.org/ardot/040730env.pdf,040730env.pdf,0,2026-09-14,,,,
040749,2017,https://media.ark.org/ardot/040749env.pdf,040749env.pdf,0,2026-09-14,,,,
040750,2017,https://media.ark.org/ardot/040750env.pdf,040750env.pdf,0,2026-09-14,,,,
050363,2017,https://media.ark.org/ardot/050363env.pdf,050363env.pdf,0,2026-09-14,,,,
050366,2017,https://media.ark.org/ardot/050366env.pdf,050366env.pdf,0,2026-09-14,,,,
050369,2017,https://media.ark.org/ardot/050369env.pdf,050369env.pdf,0,2026-09-14,,,,
050376,2017,https://media.ark.org/ardot/050376env.pdf,050376env.pdf,0,2026-09-14,,,,
050379,2017,https://media.ark.org/ardot/050379env.pdf,050379env.pdf,0,2026-09-14,,,,
050381,2017,https://media.ark.org/ardot/050381env.pdf,050381env.pdf,0,2026-09-14,,,,
050386,2017,https://media.ark.org/ardot/050386env.pdf,050386env.pdf,0,2026-09-14,,,,
061434,2017,https://media.ark.org/ardot/061434env.pdf,061434env.pdf,0,2026-09-14,,,,
061513,2017,https://media.ark.org/ardot/061513env.pdf,061513env.pdf,0,2026-09-14,,,,
061515,2017,https://media.ark.org/ardot/061515env.pdf,061515env.pdf,0,2026-09-14,,,,
061528,2017,https://media.ark.org/ardot/061528env.pdf,061528env.pdf,0,2026-09-14,,,,
061557,2017,https://media.ark.org/ardot/061557env-.pdf,061557env-.pdf,0,2026-09-14,,,,
070443,2017,https://media.ark.org/ardot/070443env.pdf,070443env.pdf,0,2026-09-14,,,,
070451,2017,https://media.ark.org/ardot/070451env.pdf,070451env.pdf,0,2026-09-14,,,,
070456,2017,https://media.ark.org/ardot/070456env.pdf,070456env.pdf,0,2026-09-14,,,,
070457,2017,https://media.ark.org/ardot/070457env.pdf,070457env.pdf,0,2026-09-14,,,,
080423,2017,https://media.ark.org/ardot/080423env.pdf,080423env.pdf,0,2026-09-14,,,,
080439,2017,https://media.ark.org/ardot/080439env.pdf,080439env.pdf,0,2026-09-14,,,,
080539,2017,https://media.ark.org/ardot/080539env.pdf,080539env.pdf,0,2026-09-14,,,,
080548,2017,https://media.ark.org/ardot/080548env.pdf,080548env.pdf,0,2026-09-14,,,,
080553,2017,https://media.ark.org/ardot/080553env.pdf,080553env.pdf,0,2026-09-14,,,,
080554,2017,https://media.ark.org/ardot/080554env.pdf,080554env.pdf,0,2026-09-14,,,,
080555,2017,https://media.ark.org/ardot/080555env.pdf,080555env.pdf,0,2026-09-14,,,,
080556,2017,https://media.ark.org/ardot/080556env.pdf,080556env.pdf,0,2026-09-14,,,,
080559,2017,https://media.ark.org/ardot/080559env.pdf,080559env.pdf,0,2026-09-14,,,,
090491,2017,https://media.ark.org/ardot/090491env.pdf,090491env.pdf,0,2026-09-14,,,,
090492,2017,https://media.ark.org/ardot/090492env.pdf,090492env.pdf,0,2026-09-14,,,,
090501,2017,https://media.ark.org/ardot/090501env.pdf,090501env.pdf,0,2026-09-14,,,,
090503,2017,https://media.ark.org/ardot/090503env.pdf,090503env.pdf,0,2026-09-14,,,,
100895,2017,https://media.ark.org/ardot/100895env.pdf,100895env.pdf,0,2026-09-14,,,,
100900,2017,https://media.ark.org/ardot/100900env.pdf,100900env.pdf,0,2026-09-14,,,,
100914,2017,https://media.ark.org/ardot/100914env.pdf,100914env.pdf,0,2026-09-14,,,,
100915,2017,https://media.ark.org/ardot/100915env.pdf,100915env.pdf,0,2026-09-14,,,,
100916,2017,https://media.ark.org/ardot/100916env.pdf,100916env.pdf,0,2026-09-14,,,,
100921,2017,https://media.ark.org/ardot/100921env.pdf,100921env.pdf,0,2026-09-14,,,,
100922,2017,https://media.ark.org/ardot/100922env.pdf,100922env.pdf,0,2026-09-14,,,,
100923,2017,https://media.ark.org/ardot/100923env.pdf,100923env.pdf,0,2026-09-14,,,,
100928,2017,https://media.ark.org/ardot/100928env.pdf,100928env.pdf,0,2026-09-14,,,,
100938,2017,https://media.ark.org/ardot/100938env.pdf,100938env.pdf,0,2026-09-14,,,,
100940,2017,https://media.ark.org/ardot/100940env.pdf,100940env.pdf,0,2026-09-14,,,,
100943,2017,https://media.ark.org/ardot/100943env.pdf,100943env.pdf,0,2026-09-14,,,,
100956,2017,https://media.ark.org/ardot/100956env.pdf,100956env.pdf,0,2026-09-14,,,,
100963,2017,https://media.ark.org/ardot/100963env.pdf,100963env.pdf,0,2026-09-14,,,,
110661,2017,https://media.ark.org/ardot/110661env.pdf,110661env.pdf,0,2026-09-14,,,,
BB0116,2017,https://media.ark.org/ardot/BB0116env.pdf,BB0116env.pdf,0,2026-09-14,,,,
BB0203,2017,https://media.ark.org/ardot/BB0203env.pdf,BB0203env.pdf,0,2026-09-14,,,,
BB0620,2017,https://media.ark.org/ardot/BB0620env.pdf,BB0620env.pdf,0,2026-09-14,,,,
BR0405,2017,https://media.ark.org/ardot/BR0405env.pdf,BR0405env.pdf,0,2026-09-14,,,,
BR3714,2017,https://media.ark.org/ardot/BR3714env.pdf,BR3714env.pdf,0,2026-09-14,,,,
BR6507,2017,https://media.ark.org/ardot/BR6507env.pdf,BR6507env.pdf,0,2026-09-14,,,,
C03004,2017,https://media.ark.org/ardot/C03004env.pdf,C03004env.pdf,0,2026-09-14,,,,
CA0702,2017,https://media.ark.org/ardot/CA0702env.pdf,CA0702env.pdf,0,2026-09-14,,,,
CA0906,2017,https://media.ark.org/ardot/CA0906env.pdf,CA0906env.pdf,0,2026-09-14,,,,
012215,2018,https://media.ark.org/ardot/012215env.pdf,012215env.pdf,0,2026-09-14,,,,
012274,2018,https://media.ark.org/ardot/012274env.pdf,012274env.pdf,0,2026-09-14,,,,
012295,2018,https://media.ark.org/ardot/012295env.pdf,012295env.pdf,0,2026-09-14,,,,
012296,2018,https://media.ark.org/ardot/012296env.pdf,012296env.pdf,0,2026-09-14,,,,
012297,2018,https://media.ark.org/ardot/012297env.pdf,012297env.pdf,0,2026-09-14,,,,
020581,2018,https://media.ark.org/ardot/020581env.pdf,020581env.pdf,0,2026-09-14,,,,
020583,2018,https://media.ark.org/ardot/020583env.pdf,020583env.pdf,0,2026-09-14,,,,
020584,2018,https://media.ark.org/ardot/020584env.pdf,020584env.pdf,0,2026-09-14,,,,
020586,2018,https://media.ark.org/ardot/020586env.pdf,020586env.pdf,0,2026-09-14,,,,
020587,2018,https://media.ark.org/ardot/020587env.pdf,020587env.pdf,0,2026-09-14,,,,
020616,2018,https://media.ark.org/ardot/020616env.pdf,020616env.pdf,0,2026-09-14,,,,
020618,2018,https://media.ark.org/ardot/020618env.pdf,020618env.pdf,0,2026-09-14,,,,
020620,2018,https://media.ark.org/ardot/020620env.pdf,020620env.pdf,0,2026-09-14,,,,
020621,2018,https://media.ark.org/ardot/020621env.pdf,020621env.pdf,0,2026-09-14,,,,
020622,2018,https://media.ark.org/ardot/020622env.pdf,020622env.pdf,0,2026-09-14,,,,
020624,2018,https://media.ark.org/ardot/020624env-.pdf,020624env-.pdf,0,2026-09-14,,,,
020625,2018,https://media.ark.org/ardot/020625env.pdf,020625env.pdf,0,2026-09-14,,,,
020627,2018,https://media.ark.org/ardot/020627env.pdf,020627env.pdf,0,2026-09-14,,,,
020632,2018,https://media.ark.org/ardot/020632env.pdf,020632env.pdf,0,2026-09-14,,,,
020643,2018,https://media.ark.org/ardot/020643env.pdf,020643env.pdf,0,2026-09-14,,,,
020645,2018,https://media.ark.org/ardot/020645env.pdf,020645env.pdf,0,2026-09-14,,,,
020646,2018,https://media.ark.org/ardot/020646env.pdf,020646env.pdf,0,2026-09-14,,,,
020659,2018,https://media.ark.org/ardot/020659env.pdf,020659env.pdf,0,2026-09-14,,,,
020660,2018,https://media.ark.org/ardot/020660env.pdf,020660env.pdf,0,2026-09-14,,,,
020663,2018,https://media.ark.org/ardot/020663env.pdf,020663env.pdf,0,2026-09-14,,,,
020664,2018,https://media.ark.org/ardot/020664env.pdf,020664env.pdf,0,2026-09-14,,,,
030479,2018,https://media.ark.org/ardot/030479env.pdf,030479env.pdf,0,2026-09-14,,,,
030482,2018,https://media.ark.org/ardot/030482env.pdf,030482env.pdf,0,2026-09-14,,,,
030487,2018,https://media.ark.org/ardot/030487env.pdf,030487env.pdf,0,2026-09-14,,,,
030496,2018,https://media.ark.org/ardot/030496env.pdf,030496env.pdf,0,2026-09-14,,,,
030500,2018,https://media.ark.org/ardot/030500env.pdf,030500env.pdf,0,2026-09-14,,,,
030503,2018,https://media.ark.org/ardot/030503env.pdf,030503env.pdf,0,2026-09-14,,,,
040684,2018,https://media.ark.org/ardot/040684env.pdf,040684env.pdf,0,2026-09-14,,,,
040729,2018,https://media.ark.org/ardot/040729env.pdf,040729env.pdf,0,2026-09-14,,,,
050315,2018,https://media.ark.org/ardot/050315env.pdf,050315env.pdf,0,2026-09-14,,,,
050316,2018,https://media.ark.org/ardot/050316env.pdf,050316env.pdf,0,2026-09-14,,,,
050320,2018,https://media.ark.org/ardot/050320env.pdf,050320env.pdf,0,2026-09-14,,,,
050323,2018,https://media.ark.org/ardot/050323env.pdf,050323env.pdf,0,2026-09-14,,,,
050325,2018,https://media.ark.org/ardot/050325env.pdf,050325env.pdf,0,2026-09-14,,,,
050353,2018,https://media.ark.org/ardot/050353env.pdf,050353env.pdf,0,2026-09-14,,,,
050355,2018,https://media.ark.org/ardot/050355env.pdf,050355env.pdf,0,2026-09-14,,,,
050357,2018,https://media.ark.org/ardot/050357env.pdf,050357env.pdf,0,2026-09-14,,,,
050358,2018,https://media.ark.org/ardot/050358env.pdf,050358env.pdf,0,2026-09-14,,,,
050362,2018,https://media.ark.org/ardot/050362env.pdf,050362env.pdf,0,2026-09-14,,,,
050365,2018,https://media.ark.org/ardot/050365env.pdf,050365env.pdf,0,2026-09-14,,,,
050368,2018,https://media.ark.org/ardot/050368env.pdf,050368env.pdf,0,2026-09-14,,,,
050372,2018,https://media.ark.org/ardot/050372env.pdf,050372env.pdf,0,2026-09-14,,,,
050375,2018,https://media.ark.org/ardot/050375env.pdf,050375env.pdf,0,2026-09-14,,,,
050380,2018,https://media.ark.org/ardot/050380env.pdf,050380env.pdf,0,2026-09-14,,,,
061190,2018,https://media.ark.org/ardot/061190env.pdf,061190env.pdf,0,2026-09-14,,,,
061335,2018,https://media.ark.org/ardot/061335env.pdf,061335env.pdf,0,2026-09-14,,,,
061448,2018,https://media.ark.org/ardot/061448env.pdf,061448env.pdf,0,2026-09-14,,,,
061471,2018,https://media.ark.org/ardot/061471env.pdf,061471env.pdf,0,2026-09-14,,,,
061500,2018,https://media.ark.org/ardot/061500env.pdf,061500env.pdf,0,2026-09-14,,,,
061514,2018,https://media.ark.org/ardot/061514env.pdf,061514env.pdf,0,2026-09-14,,,,
061519,2018,https://media.ark.org/ardot/061519env.pdf,061519env.pdf,0,2026-09-14,,,,
061523,2018,https://media.ark.org/ardot/061523env.pdf,061523env.pdf,0,2026-09-14,,,,
061530,2018,https://media.ark.org/ardot/061530env.pdf,061530env.pdf,0,2026-09-14,,,,
061546,2018,https://media.ark.org/ardot/061546env.pdf,061546env.pdf,0,2026-09-14,,,,
061560,2018,https://media.ark.org/ardot/061560env.pdf,061560env.pdf,0,2026-09-14,,,,
061561,2018,https://media.ark.org/ardot/061561env.pdf,061561env.pdf,0,2026-09-14,,,,
070265,2018,https://media.ark.org/ardot/070265env.pdf,070265env.pdf,0,2026-09-14,,,,
070271,2018,https://media.ark.org/ardot/070271env.pdf,070271env.pdf,0,2026-09-14,,,,
070379,2018,https://media.ark.org/ardot/070379env.pdf,070379env.pdf,0,2026-09-14,,,,
070444,2018,https://media.ark.org/ardot/070444env.pdf,070444env.pdf,0,2026-09-14,,,,
070452,2018,https://media.ark.org/ardot/070452env.pdf,070452env.pdf,0,2026-09-14,,,,
080494,2018,https://media.ark.org/ardot/080494env.pdf,080494env.pdf,0,2026-09-14,,,,
080496,2018,https://media.ark.org/ardot/080496env.pdf,080496env.pdf,0,2026-09-14,,,,
080500,2018,https://media.ark.org/ardot/080500env.pdf,080500env.pdf,0,2026-09-14,,,,
080507,2018,https://media.ark.org/ardot/080507env.pdf,080507env.pdf,0,2026-09-14,,,,
080531,2018,https://media.ark.org/ardot/080531env.pdf,080531env.pdf,0,2026-09-14,,,,
080543,2018,https://media.ark.org/ardot/080543env.pdf,080543env.pdf,0,2026-09-14,,,,
080547,2018,https://media.ark.org/ardot/080547env.pdf,080547env.pdf,0,2026-09-14,,,,
080551,2018,https://media.ark.org/ardot/080551env.pdf,080551env.pdf,0,2026-09-14,,,,
080552,2018,https://media.ark.org/ardot/080552env.pdf,080552env.pdf,0,2026-09-14,,,,
080557,2018,https://media.ark.org/ardot/080557env.pdf,080557env.pdf,0,2026-09-14,,,,
080558,2018,https://media.ark.org/ardot/080558env.pdf,080558env.pdf,0,2026-09-14,,,,
080563,2018,https://media.ark.org/ardot/080563env.pdf,080563env.pdf,0,2026-09-14,,,,
090437,2018,https://media.ark.org/ardot/090437env.pdf,090437env.pdf,0,2026-09-14,,,,
090471,2018,https://media.ark.org/ardot/090471env.pdf,090471env.pdf,0,2026-09-14,,,,
090487,2018,https://media.ark.org/ardot/090487env.pdf,090487env.pdf,0,2026-09-14,,,,
090488,2018,https://media.ark.org/ardot/090488env.pdf,090488env.pdf,0,2026-09-14,,,,
090509,2018,https://media.ark.org/ardot/090509env.pdf,090509env.pdf,0,2026-09-14,,,,
090520,2018,https://media.ark.org/ardot/090520env.pdf,090520env.pdf,0,2026-09-14,,,,
100822,2018,https://media.ark.org/ardot/100822env.pdf,100822env.pdf,0,2026-09-14,,,,
100824,2018,https://media.ark.org/ardot/100824env.pdf,100824env.pdf,0,2026-09-14,,,,
100839,2018,https://media.ark.org/ardot/100839env.pdf,100839env.pdf,0,2026-09-14,,,,
100870,2018,https://media.ark.org/ardot/100870env.pdf,100870env.pdf,0,2026-09-14,,,,
100871,2018,https://media.ark.org/ardot/100871env.pdf,100871env.pdf,0,2026-09-14,,,,
100876,2018,https://media.ark.org/ardot/100876env.pdf,100876env.pdf,0,2026-09-14,,,,
100884,2018,https://media.ark.org/ardot/100884env.pdf,100884env.pdf,0,2026-09-14,,,,
100885,2018,https://media.ark.org/ardot/100885env.pdf,100885env.pdf,0,2026-09-14,,,,
100887,2018,https://media.ark.org/ardot/100887env.pdf,100887env.pdf,0,2026-09-14,,,,
100892,2018,https://media.ark.org/ardot/100892env.pdf,100892env.pdf,0,2026-09-14,,,,
100902,2018,https://media.ark.org/ardot/100902env.pdf,100902env.pdf,0,2026-09-14,,,,
100904,2018,https://media.ark.org/ardot/100904env.pdf,100904env.pdf,0,2026-09-14,,,,
100905,2018,https://media.ark.org/ardot/100905env.pdf,100905env.pdf,0,2026-09-14,,,,
100908,2018,https://media.ark.org/ardot/100908env.pdf,100908env.pdf,0,2026-09-14,,,,
100909,2018,https://media.ark.org/ardot/100909env.pdf,100909env.pdf,0,2026-09-14,,,,
100910,2018,https://media.ark.org/ardot/100910env.pdf,100910env.pdf,0,2026-09-14,,,,
100911,2018,https://media.ark.org/ardot/100911env.pdf,100911env.pdf,0,2026-09-14,,,,
100912,2018,https://media.ark.org/ardot/100912env.pdf,100912env.pdf,0,2026-09-14,,,,
100927,2018,https://media.ark.org/ardot/100927env.pdf,100927env.pdf,0,2026-09-14,,,,
100931,2018,https://media.ark.org/ardot/100931env.pdf,100931env.pdf,0,2026-09-14,,,,
100947,2018,https://media.ark.org/ardot/100947env.pdf,100947env.pdf,0,2026-09-14,,,,
100957,2018,https://media.ark.org/ardot/100957env.pdf,100957env.pdf,0,2026-09-14,,,,
100958,2018,https://media.ark.org/ardot/100958env.pdf,100958env.pdf,0,2026-09-14,,,,
100976,2018,https://media.ark.org/ardot/100976env.pdf,100976env.pdf,0,2026-09-14,,,,
110540,2018,https://media.ark.org/ardot/110540env.pdf,110540env.pdf,0,2026-09-14,,,,
110567,2018,https://media.ark.org/ardot/110567env-.pdf,110567env-.pdf,0,2026-09-14,,,,
110615,2018,https://media.ark.org/ardot/110615env.pdf,110615env.pdf,0,2026-09-14,,,,
110620,2018,https://media.ark.org/ardot/110620env.pdf,110620env.pdf,0,2026-09-14,,,,
110621,2018,https://media.ark.org/ardot/110621env.pdf,110621env.pdf,0,2026-09-14,,,,
110642,2018,https://media.ark.org/ardot/110642env.pdf,110642env.pdf,0,2026-09-14,,,,
110644,2018,https://media.ark.org/ardot/110644env.pdf,110644env.pdf,0,2026-09-14,,,,
110646,2018,https://media.ark.org/ardot/110646env.pdf,110646env.pdf,0,2026-09-14,,,,
110648,2018,https://media.ark.org/ardot/110648env.pdf,110648env.pdf,0,2026-09-14,,,,
110650,2018,https://media.ark.org/ardot/110650env.pdf,110650env.pdf,0,2026-09-14,,,,
110653,2018,https://media.ark.org/ardot/110653env.pdf,110653env.pdf,0,2026-09-14,,,,
110655,2018,https://media.ark.org/ardot/110655env.pdf,110655env.pdf,0,2026-09-14,,,,
110657,2018,https://media.ark.org/ardot/110657env.pdf,110657env.pdf,0,2026-09-14,,,,
110670,2018,https://media.ark.org/ardot/110670env.pdf,110670env.pdf,0,2026-09-14,,,,
110677,2018,https://media.ark.org/ardot/110677env.pdf,110677env.pdf,0,2026-09-14,,,,
BB0401,2018,https://media.ark.org/ardot/BB0401env.pdf,BB0401env.pdf,0,2026-09-14,,,,
BB0406,2018,https://media.ark.org/ardot/BB0406env.pdf,BB0406env.pdf,0,2026-09-14,,,,
BB0618,2018,https://media.ark.org/ardot/BB0618env.pdf,BB0618env.pdf,0,2026-09-14,,,,
BB0903,2018,https://media.ark.org/ardot/BB0903env.pdf,BB0903env.pdf,0,2026-09-14,,,,
BB1101,2018,https://media.ark.org/ardot/BB1101env.pdf,BB1101env.pdf,0,2026-09-14,,,,
CA0201,2018,https://media.ark.org/ardot/CA0201env.pdf,CA0201env.pdf,0,2026-09-14,,,,
CA0202,2018,https://media.ark.org/ardot/CA0202env.pdf,CA0202env.pdf,0,2026-09-14,,,,
CA0203,2018,https://media.ark.org/ardot/CA0203env.pdf,CA0203env.pdf,0,2026-09-14,,,,
CA0601,2018,https://media.ark.org/ardot/CA0601env.pdf,CA0601env.pdf,0,2026-09-14,,,,
CA0608,2018,https://media.ark.org/ardot/CA0608env.pdf,CA0608env.pdf,0,2026-09-14,,,,
CA1003,2018,https://media.ark.org/ardot/CA1003env.pdf,CA1003env.pdf,0,2026-09-14,,,,
FA4511,2018,https://media.ark.org/ardot/FA4511env.pdf,FA4511env.pdf,0,2026-09-14,,,,
GF0270,2018,https://media.ark.org/ardot/GF0270env.pdf,GF0270env.pdf,0,2026-09-14,,,,
R40104,2018,https://media.ark.org/ardot/R40104env.pdf,R40104env.pdf,0,2026-09-14,,,,
009784,2019,https://media.ark.org/ardot/009784env.pdf,009784env.pdf,0,2026-09-14,,,,
012307,2019,https://media.ark.org/ardot/012307env.pdf,012307env.pdf,0,2026-09-14,,,,
012318,2019,https://media.ark.org/ardot/012318env.pdf,012318env.pdf,0,2026-09-14,,,,
012320,2019,https://media.ark.org/ardot/012320env.pdf,012320env.pdf,0,2026-09-14,,,,
012329,2019,https://media.ark.org/ardot/012329env.pdf,012329env.pdf,0,2026-09-14,,,,
012340,2019,https://media.ark.org/ardot/012340env.pdf,012340env.pdf,0,2026-09-14,,,,
020582,2019,https://media.ark.org/ardot/020582env.pdf,020582env.pdf,0,2026-09-14,,,,
020614,2019,https://media.ark.org/ardot/020614env.pdf,020614env.pdf,0,2026-09-14,,,,
020619,2019,https://media.ark.org/ardot/020619env.pdf,020619env.pdf,0,2026-09-14,,,,
020623,2019,https://media.ark.org/ardot/020623env.pdf,020623env.pdf,0,2026-09-14,,,,
020633,2019,https://media.ark.org/ardot/020633env.pdf,020633env.pdf,0,2026-09-14,,,,
020634,2019,https://media.ark.org/ardot/020634env.pdf,020634env.pdf,0,2026-09-14,,,,
020639,2019,https://media.ark.org/ardot/020639env.pdf,020639env.pdf,0,2026-09-14,,,,
020656,2019,https://media.ark.org/ardot/020656env.pdf,020656env.pdf,0,2026-09-14,,,,
030008,2019,https://media.ark.org/ardot/030008env.pdf,030008env.pdf,0,2026-09-14,,,,
030483,2019,https://media.ark.org/ardot/030483env.pdf,030483env.pdf,0,2026-09-14,,,,
030540,2019,https://media.ark.org/ardot/030540env.pdf,030540env.pdf,0,2026-09-14,,,,
040622,2019,https://media.ark.org/ardot/040622env.pdf,040622env.pdf,0,2026-09-14,,,,
040625,2019,https://media.ark.org/ardot/040625env.pdf,040625env.pdf,0,2026-09-14,,,,
040726,2019,https://media.ark.org/ardot/040726env.pdf,040726env.pdf,0,2026-09-14,,,,
040734,2019,https://media.ark.org/ardot/040734env.pdf,040734env.pdf,0,2026-09-14,,,,
040774,2019,https://media.ark.org/ardot/040774env.pdf,040774env.pdf,0,2026-09-14,,,,
040803,2019,https://media.ark.org/ardot/040803env.pdf,040803env.pdf,0,2026-09-14,,,,
040804,2019,https://media.ark.org/ardot/040804env.pdf,040804env.pdf,0,2026-09-14,,,,
050280,2019,https://media.ark.org/ardot/050280env.pdf,050280env.pdf,0,2026-09-14,,,,
050321,2019,https://media.ark.org/ardot/050321env-.pdf,050321env-.pdf,0,2026-09-14,,,,
050324,2019,https://media.ark.org/ardot/050324env.pdf,050324env.pdf,0,2026-09-14,,,,
050341,2019,https://media.ark.org/ardot/050341env.pdf,050341env.pdf,0,2026-09-14,,,,
050344,2019,https://media.ark.org/ardot/050344env.pdf,050344env.pdf,0,2026-09-14,,,,
050350,2019,https://media.ark.org/ardot/050350env.pdf,050350env.pdf,0,2026-09-14,,,,
050364,2019,https://media.ark.org/ardot/050364env.pdf,050364env.pdf,0,2026-09-14,,,,
050367,2019,https://media.ark.org/ardot/050367env.pdf,050367env.pdf,0,2026-09-14,,,,
050370,2019,https://media.ark.org/ardot/050370env.pdf,050370env.pdf,0,2026-09-14,,,,
050374,2019,https://media.ark.org/ardot/050374env.pdf,050374env.pdf,0,2026-09-14,,,,
061166,2019,https://media.ark.org/ardot/061166env.pdf,061166env.pdf,0,2026-09-14,,,,
061456,2019,https://media.ark.org/ardot/061456env.pdf,061456env.pdf,0,2026-09-14,,,,
061460,2019,https://media.ark.org/ardot/061460env.pdf,061460env.pdf,0,2026-09-14,,,,
061509,2019,https://media.ark.org/ardot/061509env.pdf,061509env.pdf,0,2026-09-14,,,,
061517,2019,https://media.ark.org/ardot/061517env.pdf,061517env.pdf,0,2026-09-14,,,,
061520,2019,https://media.ark.org/ardot/061520env.pdf,061520env.pdf,0,2026-09-14,,,,
061524,2019,https://media.ark.org/ardot/061524env.pdf,061524env.pdf,0,2026-09-14,,,,
061574,2019,https://media.ark.org/ardot/061574env.pdf,061574env.pdf,0,2026-09-14,,,,
061602,2019,https://media.ark.org/ardot/061602env.pdf,061602env.pdf,0,2026-09-14,,,,
061621,2019,https://media.ark.org/ardot/061621env.pdf,061621env.pdf,0,2026-09-14,,,,
070378,2019,https://media.ark.org/ardot/070378env.pdf,070378env.pdf,0,2026-09-14,,,,
070380,2019,https://media.ark.org/ardot/070380env.pdf,070380env.pdf,0,2026-09-14,,,,
070417,2019,https://media.ark.org/ardot/070417env.pdf,070417env.pdf,0,2026-09-14,,,,
070440,2019,https://media.ark.org/ardot/070440env.pdf,070440env.pdf,0,2026-09-14,,,,
070441,2019,https://media.ark.org/ardot/070441env.pdf,070441env.pdf,0,2026-09-14,,,,
070447,2019,https://media.ark.org/ardot/070447env.pdf,070447env.pdf,0,2026-09-14,,,,
070449,2019,https://media.ark.org/ardot/070449env.pdf,070449env.pdf,0,2026-09-14,,,,
070480,2019,https://media.ark.org/ardot/070480env.pdf,070480env.pdf,0,2026-09-14,,,,
070486,2019,https://media.ark.org/ardot/070486env.pdf,070486env.pdf,0,2026-09-14,,,,
070487,2019,https://media.ark.org/ardot/070487env.pdf,070487env.pdf,0,2026-09-14,,,,
080495,2019,https://media.ark.org/ardot/080495env.pdf,080495env.pdf,0,2026-09-14,,,,
080504,2019,https://media.ark.org/ardot/080504env.pdf,080504env.pdf,0,2026-09-14,,,,
080505,2019,https://media.ark.org/ardot/080505env.pdf,080505env.pdf,0,2026-09-14,,,,
080506,2019,https://media.ark.org/ardot/080506env.pdf,080506env.pdf,0,2026-09-14,,,,
080508,2019,https://media.ark.org/ardot/080508env.pdf,080508env.pdf,0,2026-09-14,,,,
080623,2019,https://media.ark.org/ardot/080623env.pdf,080623env.pdf,0,2026-09-14,,,,
090402,2019,https://media.ark.org/ardot/090402env.pdf,090402env.pdf,0,2026-09-14,,,,
090423,2019,https://media.ark.org/ardot/090423env.pdf,090423env.pdf,0,2026-09-14,,,,
090430,2019,https://media.ark.org/ardot/090430env.pdf,090430env.pdf,0,2026-09-14,,,,
090445,2019,https://media.ark.org/ardot/090445env.pdf,090445env.pdf,0,2026-09-14,,,,
090507,2019,https://media.ark.org/ardot/090507env.pdf,090507env.pdf,0,2026-09-14,,,,
090518,2019,https://media.ark.org/ardot/090518env.pdf,090518env.pdf,0,2026-09-14,,,,
090519,2019,https://media.ark.org/ardot/090519env.pdf,090519env.pdf,0,2026-09-14,,,,
090534,2019,https://media.ark.org/ardot/090534env.pdf,090534env.pdf,0,2026-09-14,,,,
090561,2019,https://media.ark.org/ardot/090561env.pdf,090561env.pdf,0,2026-09-14,,,,
090574,2019,https://media.ark.org/ardot/090574env.pdf,090574env.pdf,0,2026-09-14,,,,
100632,2019,https://media.ark.org/ardot/100632env.pdf,100632env.pdf,0,2026-09-14,,,,
100833,2019,https://media.ark.org/ardot/100833env.pdf,100833env.pdf,0,2026-09-14,,,,
100834,2019,https://media.ark.org/ardot/100834env.pdf,100834env.pdf,0,2026-09-14,,,,
100835,2019,https://media.ark.org/ardot/100835env.pdf,100835env.pdf,0,2026-09-14,,,,
100841,2019,https://media.ark.org/ardot/100841env.pdf,100841env.pdf,0,2026-09-14,,,,
100842,2019,https://media.ark.org/ardot/100842env.pdf,100842env.pdf,0,2026-09-14,,,,
100899,2019,https://media.ark.org/ardot/100899env.pdf,100899env.pdf,0,2026-09-14,,,,
100906,2019,https://media.ark.org/ardot/100906env.pdf,100906env.pdf,0,2026-09-14,,,,
100907,2019,https://media.ark.org/ardot/100907env.pdf,100907env.pdf,0,2026-09-14,,,,
100930,2019,https://media.ark.org/ardot/100930env.pdf,100930env.pdf,0,2026-09-14,,,,
100959,2019,https://media.ark.org/ardot/100959env.pdf,100959env.pdf,0,2026-09-14,,,,
100980,2019,https://media.ark.org/ardot/100980env.pdf,100980env.pdf,0,2026-09-14,,,,
101056,2019,https://media.ark.org/ardot/101056env.pdf,101056env.pdf,0,2026-09-14,,,,
110574,2019,https://media.ark.org/ardot/110574env.pdf,110574env.pdf,0,2026-09-14,,,,
110617,2019,https://media.ark.org/ardot/110617env.pdf,110617env.pdf,0,2026-09-14,,,,
110619,2019,https://media.ark.org/ardot/110619env.pdf,110619env.pdf,0,2026-09-14,,,,
110622,2019,https://media.ark.org/ardot/110622env.pdf,110622env.pdf,0,2026-09-14,,,,
110643,2019,https://media.ark.org/ardot/110643env.pdf,110643env.pdf,0,2026-09-14,,,,
110656,2019,https://media.ark.org/ardot/110656env.pdf,110656env.pdf,0,2026-09-14,,,,
110660,2019,https://media.ark.org/ardot/110660env.pdf,110660env.pdf,0,2026-09-14,,,,
110666,2019,https://media.ark.org/ardot/110666env.pdf,110666env.pdf,0,2026-09-14,,,,
110689,2019,https://media.ark.org/ardot/110689env.pdf,110689env.pdf,0,2026-09-14,,,,
CA0701,2019,https://media.ark.org/ardot/CA0701env.pdf,CA0701env.pdf,0,2026-09-14,,,,
CA0801,2019,https://media.ark.org/ardot/CA0801env.pdf,CA0801env.pdf,0,2026-09-14,,,,
CA0903,2019,https://media.ark.org/ardot/CA0903CA0905env.pdf,CA0903CA0905env.pdf,0,2026-09-14,,,,
CA0905,2019,https://media.ark.org/ardot/CA0903CA0905env.pdf,CA0903CA0905env.pdf,0,2026-09-14,,,,
R60140,2019,https://media.ark.org/ardot/R60140env.pdf,R60140env.pdf,0,2026-09-14,,,,
012284,2020,https://media.ark.org/ardot/012284env.pdf,012284env.pdf,0,2026-09-14,,,,
012290,2020,https://media.ark.org/ardot/012290env.pdf,012290env.pdf,0,2026-09-14,,,,
012322,2020,https://media.ark.org/ardot/012322env.pdf,012322env.pdf,0,2026-09-14,,,,
012323,2020,https://media.ark.org/ardot/012323env.pdf,012323env.pdf,0,2026-09-14,,,,
012343,2020,https://media.ark.org/ardot/012343env.pdf,012343env.pdf,0,2026-09-14,,,,
012349,2020,https://media.ark.org/ardot/012349env.pdf,012349env.pdf,0,2026-09-14,,,,
012350,2020,https://media.ark.org/ardot/012350env.pdf,012350env.pdf,0,2026-09-14,,,,
012351,2020,https://media.ark.org/ardot/012351env.pdf,012351env.pdf,0,2026-09-14,,,,
012352,2020,https://media.ark.org/ardot/012352env.pdf,012352env.pdf,0,2026-09-14,,,,
012357,2020,https://media.ark.org/ardot/012357env.pdf,012357env.pdf,0,2026-09-14,,,,
012361,2020,https://media.ark.org/ardot/012361env.pdf,012361env.pdf,0,2026-09-14,,,,
012367,2020,https://media.ark.org/ardot/012367env.pdf,012367env.pdf,0,2026-09-14,,,,
012372,2020,https://media.ark.org/ardot/012372env.pdf,012372env.pdf,0,2026-09-14,,,,
020589,2020,https://media.ark.org/ardot/020589env.pdf,020589env.pdf,0,2026-09-14,,,,
020629,2020,https://media.ark.org/ardot/020629env.pdf,020629env.pdf,0,2026-09-14,,,,
020630,2020,https://media.ark.org/ardot/020630env.pdf,020630env.pdf,0,2026-09-14,,,,
020641,2020,https://media.ark.org/ardot/020641nepa.pdf,020641nepa.pdf,0,2026-09-14,,,,
020644,2020,https://media.ark.org/ardot/020644env.pdf,020644env.pdf,0,2026-09-14,,,,
020648,2020,https://media.ark.org/ardot/020648env.pdf,020648env.pdf,0,2026-09-14,,,,
020650,2020,https://media.ark.org/ardot/020650nepa.pdf,020650nepa.pdf,0,2026-09-14,,,,
020651,2020,https://media.ark.org/ardot/020651nepa.pdf,020651nepa.pdf,0,2026-09-14,,,,
020653,2020,https://media.ark.org/ardot/020653env.pdf,020653env.pdf,0,2026-09-14,,,,
020655,2020,https://media.ark.org/ardot/020655nepa.pdf,020655nepa.pdf,0,2026-09-14,,,,
020690,2020,https://media.ark.org/ardot/020690env.pdf,020690env.pdf,0,2026-09-14,,,,
020693,2020,https://media.ark.org/ardot/020693env.pdf,020693env.pdf,0,2026-09-14,,,,
020694,2020,https://media.ark.org/ardot/020694env.pdf,020694env.pdf,0,2026-09-14,,,,
020698,2020,https://media.ark.org/ardot/020698env.pdf,020698env.pdf,0,2026-09-14,,,,
020714,2020,https://media.ark.org/ardot/020714env.pdf,020714env.pdf,0,2026-09-14,,,,
030455,2020,https://media.ark.org/ardot/030455env.pdf,030455env.pdf,0,2026-09-14,,,,
030458,2020,https://media.ark.org/ardot/030458env.pdf,030458env.pdf,0,2026-09-14,,,,
030480,2020,https://media.ark.org/ardot/030480env.pdf,030480env.pdf,0,2026-09-14,,,,
030497,2020,https://media.ark.org/ardot/030497env.pdf,030497env.pdf,0,2026-09-14,,,,
030501,2020,https://media.ark.org/ardot/030501env.pdf,030501env.pdf,0,2026-09-14,,,,
030512,2020,https://media.ark.org/ardot/030512env.pdf,030512env.pdf,0,2026-09-14,,,,
030514,2020,https://media.ark.org/ardot/030514env.pdf,030514env.pdf,0,2026-09-14,,,,
030518,2020,https://media.ark.org/ardot/030518env.pdf,030518env.pdf,0,2026-09-14,,,,
030519,2020,https://media.ark.org/ardot/030519env.pdf,030519env.pdf,0,2026-09-14,,,,
030520,2020,https://media.ark.org/ardot/030520env.pdf,030520env.pdf,0,2026-09-14,,,,
030521,2020,https://media.ark.org/ardot/030521env.pdf,030521env.pdf,0,2026-09-14,,,,
030522,2020,https://media.ark.org/ardot/030522env.pdf,030522env.pdf,0,2026-09-14,,,,
030525,2020,https://media.ark.org/ardot/030525env.pdf,030525env.pdf,0,2026-09-14,,,,
030532,2020,https://media.ark.org/ardot/030532env.pdf,030532env.pdf,0,2026-09-14,,,,
040579,2020,https://media.ark.org/ardot/040579env.pdf,040579env.pdf,0,2026-09-14,,,,
040716,2020,https://media.ark.org/ardot/040716env.pdf,040716env.pdf,0,2026-09-14,,,,
040722,2020,https://media.ark.org/ardot/040722env.pdf,040722env.pdf,0,2026-09-14,,,,
040763,2020,https://media.ark.org/ardot/040763nepa.pdf,040763nepa.pdf,0,2026-09-14,,,,
040767,2020,https://media.ark.org/ardot/040767env.pdf,040767env.pdf,0,2026-09-14,,,,
040801,2020,https://media.ark.org/ardot/040801env.pdf,040801env.pdf,0,2026-09-14,,,,
040805,2020,https://media.ark.org/ardot/040805env.pdf,040805env.pdf,0,2026-09-14,,,,
040815,2020,https://media.ark.org/ardot/040815env.pdf,040815env.pdf,0,2026-09-14,,,,
040819,2020,https://media.ark.org/ardot/040819env.pdf,040819env.pdf,0,2026-09-14,,,,
040820,2020,https://media.ark.org/ardot/040820env.pdf,040820env.pdf,0,2026-09-14,,,,
040847,2020,https://media.ark.org/ardot/040847env.pdf,040847env.pdf,0,2026-09-14,,,,
050279,2020,https://media.ark.org/ardot/050279env.pdf,050279env.pdf,0,2026-09-14,,,,
050313,2020,https://media.ark.org/ardot/050313env.pdf,050313env.pdf,0,2026-09-14,,,,
050343,2020,https://media.ark.org/ardot/050343env.pdf,050343env.pdf,0,2026-09-14,,,,
050346,2020,https://media.ark.org/ardot/050346env.pdf,050346env.pdf,0,2026-09-14,,,,
050396,2020,https://media.ark.org/ardot/050396env.pdf,050396env.pdf,0,2026-09-14,,,,
050401,2020,https://media.ark.org/ardot/050401env.pdf,050401env.pdf,0,2026-09-14,,,,
050404,2020,https://media.ark.org/ardot/050404env.pdf,050404env.pdf,0,2026-09-14,,,,
050407,2020,https://media.ark.org/ardot/050407env.pdf,050407env.pdf,0,2026-09-14,,,,
061166,2020,https://media.ark.org/ardot/061166nepa.pdf,061166nepa.pdf,0,2026-09-14,,,,
061309,2020,https://media.ark.org/ardot/061309env.pdf,061309env.pdf,0,2026-09-14,,,,
061438,2020,https://media.ark.org/ardot/061438nepa.pdf,061438nepa.pdf,0,2026-09-14,,,,
061442,2020,https://media.ark.org/ardot/061442env.pdf,061442env.pdf,0,2026-09-14,,,,
061457,2020,https://media.ark.org/ardot/061457env.pdf,061457env.pdf,0,2026-09-14,,,,
061506,2020,https://media.ark.org/ardot/061506env.pdf,061506env.pdf,0,2026-09-14,,,,
061507,2020,https://media.ark.org/ardot/061507env.pdf,061507env.pdf,0,2026-09-14,,,,
061547,2020,https://media.ark.org/ardot/061547env.pdf,061547env.pdf,0,2026-09-14,,,,
061583,2020,https://media.ark.org/ardot/061583env.pdf,061583env.pdf,0,2026-09-14,,,,
061586,2020,https://media.ark.org/ardot/061586env.pdf,061586env.pdf,0,2026-09-14,,,,
061589,2020,https://media.ark.org/ardot/061589env.pdf,061589env.pdf,0,2026-09-14,,,,
061596,2020,https://media.ark.org/ardot/061596env.pdf,061596env.pdf,0,2026-09-14,,,,
061597,2020,https://media.ark.org/ardot/061597env.pdf,061597env.pdf,0,2026-09-14,,,,
061598,2020,https://media.ark.org/ardot/061598env.pdf,061598env.pdf,0,2026-09-14,,,,
061620,2020,https://media.ark.org/ardot/061620env.pdf,061620env.pdf,0,2026-09-14,,,,
061630,2020,https://media.ark.org/ardot/061630env.pdf,061630env.pdf,0,2026-09-14,,,,
061634,2020,https://media.ark.org/ardot/061634env.pdf,061634env.pdf,0,2026-09-14,,,,
070272,2020,https://media.ark.org/ardot/070272nepa.pdf,070272nepa.pdf,0,2026-09-14,,,,
070375,2020,https://media.ark.org/ardot/070375env.pdf,070375env.pdf,0,2026-09-14,,,,
070418,2020,https://media.ark.org/ardot/070418nepa.pdf,070418nepa.pdf,0,2026-09-14,,,,
070453,2020,https://media.ark.org/ardot/070453env.pdf,070453env.pdf,0,2026-09-14,,,,
070470,2020,https://media.ark.org/ardot/070470env.pdf,070470env.pdf,0,2026-09-14,,,,
070483,2020,https://media.ark.org/ardot/070483env.pdf,070483env.pdf,0,2026-09-14,,,,
070492,2020,https://media.ark.org/ardot/070492env.pdf,070492env.pdf,0,2026-09-14,,,,
070494,2020,https://media.ark.org/ardot/070494env.pdf,070494env.pdf,0,2026-09-14,,,,
070497,2020,https://media.ark.org/ardot/070497env.pdf,070497env.pdf,0,2026-09-14,,,,
070501,2020,https://media.ark.org/ardot/070501env.pdf,070501env.pdf,0,2026-09-14,,,,
070562,2020,https://media.ark.org/ardot/070562env.pdf,070562env.pdf,0,2026-09-14,,,,
080457,2020,https://media.ark.org/ardot/080457env.pdf,080457env.pdf,0,2026-09-14,,,,
080529,2020,https://media.ark.org/ardot/080529env.pdf,080529env.pdf,0,2026-09-14,,,,
080541,2020,https://media.ark.org/ardot/080541env.pdf,080541env.pdf,0,2026-09-14,,,,
080579,2020,https://media.ark.org/ardot/080579env.pdf,080579env.pdf,0,2026-09-14,,,,
080582,2020,https://media.ark.org/ardot/080582env.pdf,080582env.pdf,0,2026-09-14,,,,
080586,2020,https://media.ark.org/ardot/080586env.pdf,080586env.pdf,0,2026-09-14,,,,
080588,2020,https://media.ark.org/ardot/080588env.pdf,080588env.pdf,0,2026-09-14,,,,
080597,2020,https://media.ark.org/ardot/080597env.pdf,080597env.pdf,0,2026-09-14,,,,
080661,2020,https://media.ark.org/ardot/080661env.pdf,080661env.pdf,0,2026-09-14,,,,
080662,2020,https://media.ark.org/ardot/080662env.pdf,080662env.pdf,0,2026-09-14,,,,
090384,2020,https://media.ark.org/ardot/090384env.pdf,090384env.pdf,0,2026-09-14,,,,
090434,2020,https://media.ark.org/ardot/090434env.pdf,090434env.pdf,0,2026-09-14,,,,
090438,2020,https://media.ark.org/ardot/090438env.pdf,090438env.pdf,0,2026-09-14,,,,
090472,2020,https://media.ark.org/ardot/090472env.pdf,090472env.pdf,0,2026-09-14,,,,
090474,2020,https://media.ark.org/ardot/090474nepa.pdf,090474nepa.pdf,0,2026-09-14,,,,
090502,2020,https://media.ark.org/ardot/090502env.pdf,090502env.pdf,0,2026-09-14,,,,
090517,2020,https://media.ark.org/ardot/090517env.pdf,090517env.pdf,0,2026-09-14,,,,
090526,2020,https://media.ark.org/ardot/090526env.pdf,090526env.pdf,0,2026-09-14,,,,
090528,2020,https://media.ark.org/ardot/090528env.pdf,090528env.pdf,0,2026-09-14,,,,
090530,2020,https://media.ark.org/ardot/090530env.pdf,090530env.pdf,0,2026-09-14,,,,
090532,2020,https://media.ark.org/ardot/090532env.pdf,090532env.pdf,0,2026-09-14,,,,
090533,2020,https://media.ark.org/ardot/090533env.pdf,090533env.pdf,0,2026-09-14,,,,
090551,2020,https://media.ark.org/ardot/090551env.pdf,090551env.pdf,0,2026-09-14,,,,
090562,2020,https://media.ark.org/ardot/090562env.pdf,090562env.pdf,0,2026-09-14,,,,
090563,2020,https://media.ark.org/ardot/090563env.pdf,090563env.pdf,0,2026-09-14,,,,
090575,2020,https://media.ark.org/ardot/090575nepa.pdf,090575nepa.pdf,0,2026-09-14,,,,
090587,2020,https://media.ark.org/ardot/090587env.pdf,090587env.pdf,0,2026-09-14,,,,
100835,2020,https://media.ark.org/ardot/100835nepa.pdf,100835nepa.pdf,0,2026-09-14,,,,
100837,2020,https://media.ark.org/ardot/100837env.pdf,100837env.pdf,0,2026-09-14,,,,
100840,2020,https://media.ark.org/ardot/100840env.pdf,100840env.pdf,0,2026-09-14,,,,
100872,2020,https://media.ark.org/ardot/100872env.pdf,100872env.pdf,0,2026-09-14,,,,
100873,2020,https://media.ark.org/ardot/100873env.pdf,100873env.pdf,0,2026-09-14,,,,
100874,2020,https://media.ark.org/ardot/100874nepa.pdf,100874nepa.pdf,0,2026-09-14,,,,
100878,2020,https://media.ark.org/ardot/100878env.pdf,100878env.pdf,0,2026-09-14,,,,
100886,2020,https://media.ark.org/ardot/100886nepa.pdf,100886nepa.pdf,0,2026-09-14,,,,
100891,2020,https://media.ark.org/ardot/100891env.pdf,100891env.pdf,0,2026-09-14,,,,
100894,2020,https://media.ark.org/ardot/100894nepa.pdf,100894nepa.pdf,0,2026-09-14,,,,
100898,2020,https://media.ark.org/ardot/100898env.pdf,100898env.pdf,0,2026-09-14,,,,
100918,2020,https://media.ark.org/ardot/100918env.pdf,100918env.pdf,0,2026-09-14,,,,
100939,2020,https://media.ark.org/ardot/100939env.pdf,100939env.pdf,0,2026-09-14,,,,
100950,2020,https://media.ark.org/ardot/100950env.pdf,100950env.pdf,0,2026-09-14,,,,
100974,2020,https://media.ark.org/ardot/100974env.pdf,100974env.pdf,0,2026-09-14,,,,
100982,2020,https://media.ark.org/ardot/100982env.pdf,100982env.pdf,0,2026-09-14,,,,
100998,2020,https://media.ark.org/ardot/100998env.pdf,100998env.pdf,0,2026-09-14,,,,
101000,2020,https://media.ark.org/ardot/101000env.pdf,101000env.pdf,0,2026-09-14,,,,
101002,2020,https://media.ark.org/ardot/101002env.pdf,101002env.pdf,0,2026-09-14,,,,
101004,2020,https://media.ark.org/ardot/101004env.pdf,101004env.pdf,0,2026-09-14,,,,
101008,2020,https://media.ark.org/ardot/101008env.pdf,101008env.pdf,0,2026-09-14,,,,
101019,2020,https://media.ark.org/ardot/101019env.pdf,101019env.pdf,0,2026-09-14,,,,
101020,2020,https://media.ark.org/ardot/101020env.pdf,101020env.pdf,0,2026-09-14,,,,
101031,2020,https://media.ark.org/ardot/101031env.pdf,101031env.pdf,0,2026-09-14,,,,
101034,2020,https://media.ark.org/ardot/101034env.pdf,101034env.pdf,0,2026-09-14,,,,
101036,2020,https://media.ark.org/ardot/101036env.pdf,101036env.pdf,0,2026-09-14,,,,
101046,2020,https://media.ark.org/ardot/101046env.pdf,101046env.pdf,0,2026-09-14,,,,
101109,2020,https://media.ark.org/ardot/101109env.pdf,101109env.pdf,0,2026-09-14,,,,
110616,2020,https://media.ark.org/ardot/110616env.pdf,110616env.pdf,0,2026-09-14,,,,
110645,2020,https://media.ark.org/ardot/110645env.pdf,110645env.pdf,0,2026-09-14,,,,
110664,2020,https://media.ark.org/ardot/110664env.pdf,110664env.pdf,0,2026-09-14,,,,
110687,2020,https://media.ark.org/ardot/110687env.pdf,110687env.pdf,0,2026-09-14,,,,
110688,2020,https://media.ark.org/ardot/110688env.pdf,110688env.pdf,0,2026-09-14,,,,
110704,2020,https://media.ark.org/ardot/110704env.pdf,110704env.pdf,0,2026-09-14,,,,
A00001,2020,https://media.ark.org/ardot/A00001env.pdf,A00001env.pdf,0,2026-09-14,,,,
A00002,2020,https://media.ark.org/ardot/A00002env.pdf,A00002env.pdf,0,2026-09-14,,,,
A00003,2020,https://media.ark.org/ardot/A00003env.pdf,A00003env.pdf,0,2026-09-14,,,,
A10002,2020,https://media.ark.org/ardot/A10002env.pdf,A10002env.pdf,0,2026-09-14,,,,
A10003,2020,https://media.ark.org/ardot/A00003env.pdf,A00003env.pdf,1,2026-09-14,,,,
A10004,2020,https://media.ark.org/ardot/A10004env.pdf,A10004env.pdf,0,2026-09-14,,,,
A20001,2020,https://media.ark.org/ardot/A20001env.pdf,A20001env.pdf,0,2026-09-14,,,,
A20002,2020,https://media.ark.org/ardot/A20002env.pdf,A20002env.pdf,0,2026-09-14,,,,
A20003,2020,https://media.ark.org/ardot/A20003env.pdf,A20003env.pdf,0,2026-09-14,,,,
A20008,2020,https://media.ark.org/ardot/A20008env.pdf,A20008env.pdf,0,2026-09-14,,,,
A20009,2020,https://media.ark.org/ardot/A20009env.pdf,A20009env.pdf,0,2026-09-14,,,,
A30001,2020,https://media.ark.org/ardot/A30001env.pdf,A30001env.pdf,0,2026-09-14,,,,
A30006,2020,https://media.ark.org/ardot/A30006env.pdf,A30006env.pdf,0,2026-09-14,,,,
A40003,2020,https://media.ark.org/ardot/A40003env.pdf,A40003env.pdf,0,2026-09-14,,,,
A40004,2020,https://media.ark.org/ardot/A40004env.pdf,A40004env.pdf,0,2026-09-14,,,,
A40005,2020,https://media.ark.org/ardot/A40005env.pdf,A40005env.pdf,0,2026-09-14,,,,
A50001,2020,https://media.ark.org/ardot/A50001env.pdf,A50001env.pdf,0,2026-09-14,,,,
A60001,2020,https://media.ark.org/ardot/A60001env.pdf,A60001env.pdf,0,2026-09-14,,,,
A70001,2020,https://media.ark.org/ardot/A70001env.pdf,A70001env.pdf,0,2026-09-14,,,,
A70002,2020,https://media.ark.org/ardot/A70002env.pdf,A70002env.pdf,0,2026-09-14,,,,
A90001,2020,https://media.ark.org/ardot/A90001env.pdf,A90001env.pdf,0,2026-09-14,,,,
BB0801,2020,https://media.ark.org/ardot/BB0801env.pdf,BB0801env.pdf,0,2026-09-14,,,,
BB0807,2020,https://media.ark.org/ardot/BB0807env.pdf,BB0807env.pdf,0,2026-09-14,,,,
BR0406,2020,https://media.ark.org/ardot/BR0406env.pdf,BR0406env.pdf,0,2026-09-14,,,,
BR3107,2020,https://media.ark.org/ardot/BR3107env.pdf,BR3107env.pdf,0,2026-09-14,,,,
BR6508,2020,https://media.ark.org/ardot/BR6508env.pdf,BR6508env.pdf,0,2026-09-14,,,,
C04015,2020,https://media.ark.org/ardot/C04015env.pdf,C04015env.pdf,0,2026-09-14,,,,
CA0704,2020,https://media.ark.org/ardot/CA0704env.pdf,CA0704env.pdf,0,2026-09-14,,,,
CA0705,2020,https://media.ark.org/ardot/CA0705nepa.pdf,CA0705nepa.pdf,0,2026-09-14,,,,
CA0706,2020,https://media.ark.org/ardot/CA0706env.pdf,CA0706env.pdf,0,2026-09-14,,,,
EF7211,2020,https://media.ark.org/ardot/EF7211env.pdf,EF7211env.pdf,0,2026-09-14,,,,
FA3610,2020,https://media.ark.org/ardot/FA3610env.pdf,FA3610env.pdf,0,2026-09-14,,,,
FA6715,2020,https://media.ark.org/ardot/FA6715nepa.pdf,FA6715nepa.pdf,0,2026-09-14,,,,
012359,2021,https://media.ark.org/ardot/012359env.pdf,012359env.pdf,0,2026-09-14,2026-09-14,d6b7d7d84c535f6fd1ce279e69c49149edb287eb5d37dfcad880d77e9e47842f,200,
012375,2021,https://media.ark.org/ardot/012375env.pdf,012375env.pdf,0,2026-09-14,2026-09-14,23ef3545b6fb176a4366653735bd340a0697c70d5e8f6fa22c703739c98d7eeb,200,
012376,2021,https://media.ark.org/ardot/012376env.pdf,012376env.pdf,0,2026-09-14,2026-09-14,85bc86080cb99a234edec854d9673e68b08de92de86980f1e3d9cba5e08f8174,200,
012377,2021,https://media.ark.org/ardot/012377env.pdf,012377env.pdf,0,2026-09-14,2026-09-14,d365e01b47b1ed3afd086ca429cf155765008aeed94117d34fcc7b964d715171,200,
012378,2021,https://media.ark.org/ardot/012378env.pdf,012378env.pdf,0,2026-09-14,2026-09-14,357b0d0838aec11a935e52e9979c68a1c3b6416508802720089e12bdb91d1020,200,
012379,2021,https://media.ark.org/ardot/012379env-1.pdf,012379env-1.pdf,0,2026-09-14,2026-09-14,3bdabd7b4e614fb292491651ddb58400c93b45c5c11f4db111335f3eeb69d6c4,200,
012380,2021,https://media.ark.org/ardot/012380env.pdf,012380env.pdf,0,2026-09-14,2026-09-14,6d1378fc4f14bb031485f251ad02c3c56aa9e27ce4c95f68230d86d928ced9f2,200,
012381,2021,https://media.ark.org/ardot/012381env.pdf,012381env.pdf,0,2026-09-14,2026-09-14,6d1378fc4f14bb031485f251ad02c3c56aa9e27ce4c95f68230d86d928ced9f2,200,
012382,2021,https://media.ark.org/ardot/012382env.pdf,012382env.pdf,0,2026-09-14,2026-09-14,47205729767ce71490775b2f4cb42648787add7c0f3e742fa310e99d930c2b5d,200,
012383,2021,https://media.ark.org/ardot/012383env.pdf,012383env.pdf,0,2026-09-14,2026-09-14,be36417a048b6f175210792fb44667a20011297d794c72e10c0f4c5352342197,200,
012398,2021,https://media.ark.org/ardot/012398env.pdf,012398env.pdf,0,2026-09-14,,,,
020590,2021,https://media.ark.org/ardot/020590env.pdf,020590env.pdf,0,2026-09-14,,,,
020630,2021,https://media.ark.org/ardot/020630env-1.pdf,020630env-1.pdf,0,2026-09-14,,,,
020701,2021,https://media.ark.org/ardot/020701env.pdf,020701env.pdf,0,2026-09-14,,,,
020723,2021,https://media.ark.org/ardot/020723env.pdf,020723env.pdf,0,2026-09-14,,,,
020759,2021,https://media.ark.org/ardot/020759env.pdf,020759env.pdf,0,2026-09-14,,,,
020762,2021,https://media.ark.org/ardot/020762env-1.pdf,020762env-1.pdf,0,2026-09-14,,,,
020763,2021,https://media.ark.org/ardot/020763env.pdf,020763env.pdf,0,2026-09-14,,,,
020785,2021,https://media.ark.org/ardot/020785env.pdf,020785env.pdf,0,2026-09-14,,,,
020786,2021,https://media.ark.org/ardot/020786env.pdf,020786env.pdf,0,2026-09-14,,,,
030528,2021,https://media.ark.org/ardot/030528env.pdf,030528env.pdf,0,2026-09-14,,,,
040765,2021,https://media.ark.org/ardot/040765env.pdf,040765env.pdf,0,2026-09-14,,,,
040771,2021,https://media.ark.org/ardot/040771env.pdf,040771env.pdf,0,2026-09-14,,,,
040772,2021,https://media.ark.org/ardot/040772env-1.pdf,040772env-1.pdf,0,2026-09-14,,,,
040791,2021,https://media.ark.org/ardot/040791env.pdf,040791env.pdf,0,2026-09-14,,,,
040794,2021,https://media.ark.org/ardot/040794env-1.pdf,040794env-1.pdf,0,2026-09-14,,,,
040823,2021,https://media.ark.org/ardot/040823env.pdf,040823env.pdf,0,2026-09-14,,,,
050413,2021,https://media.ark.org/ardot/050413env.pdf,050413env.pdf,0,2026-09-14,,,,
061582,2021,https://media.ark.org/ardot/061582env.pdf,061582env.pdf,0,2026-09-14,,,,
061609,2021,https://media.ark.org/ardot/061609env-1.pdf,061609env-1.pdf,0,2026-09-14,,,,
061610,2021,https://media.ark.org/ardot/061610env.pdf,061610env.pdf,0,2026-09-14,,,,
061622,2021,https://media.ark.org/ardot/061622env.pdf,061622env.pdf,0,2026-09-14,,,,
061662,2021,https://media.ark.org/ardot/061662env.pdf,061662env.pdf,0,2026-09-14,,,,
061682,2021,https://media.ark.org/ardot/061682env.pdf,061682env.pdf,0,2026-09-14,,,,
061685,2021,https://media.ark.org/ardot/061685env.pdf,061685env.pdf,0,2026-09-14,,,,
061709,2021,https://media.ark.org/ardot/061709env.pdf,061709env.pdf,0,2026-09-14,,,,
061710,2021,https://media.ark.org/ardot/061710env.pdf,061710env.pdf,0,2026-09-14,,,,
061721,2021,https://media.ark.org/ardot/061721env.pdf,061721env.pdf,0,2026-09-14,,,,
070415,2021,https://media.ark.org/ardot/070415env.pdf,070415env.pdf,0,2026-09-14,,,,
070416,2021,https://media.ark.org/ardot/070416env.pdf,070416env.pdf,0,2026-09-14,,,,
070435,2021,https://media.ark.org/ardot/070435env.pdf,070435env.pdf,0,2026-09-14,,,,
070510,2021,https://media.ark.org/ardot/070510env.pdf,070510env.pdf,0,2026-09-14,,,,
070564,2021,https://media.ark.org/ardot/070564env.pdf,070564env.pdf,0,2026-09-14,,,,
080594,2021,https://media.ark.org/ardot/080594env.pdf,080594env.pdf,0,2026-09-14,,,,
080596,2021,https://media.ark.org/ardot/080596env.pdf,080596env.pdf,0,2026-09-14,,,,
080598,2021,https://media.ark.org/ardot/080598env.pdf,080598env.pdf,0,2026-09-14,,,,
080599,2021,https://media.ark.org/ardot/080599env.pdf,080599env.pdf,0,2026-09-14,,,,
080665,2021,https://media.ark.org/ardot/080665env.pdf,080665env.pdf,0,2026-09-14,,,,
090527,2021,https://media.ark.org/ardot/090527env.pdf,090527env.pdf,0,2026-09-14,,,,
090535,2021,https://media.ark.org/ardot/090535env.pdf,090535env.pdf,0,2026-09-14,,,,
090538,2021,https://media.ark.org/ardot/090538env.pdf,090538env.pdf,0,2026-09-14,,,,
090623,2021,https://media.ark.org/ardot/090623env.pdf,090623env.pdf,0,2026-09-14,,,,
100762,2021,https://media.ark.org/ardot/100762env.pdf,100762env.pdf,0,2026-09-14,,,,
100941,2021,https://media.ark.org/ardot/100941env.pdf,100941env.pdf,0,2026-09-14,,,,
100987,2021,https://media.ark.org/ardot/100987env.pdf,100987env.pdf,0,2026-09-14,,,,
101001,2021,https://media.ark.org/ardot/101001env.pdf,101001env.pdf,0,2026-09-14,,,,
101035,2021,https://media.ark.org/ardot/101035env.pdf,101035env.pdf,0,2026-09-14,,,,
101039,2021,https://media.ark.org/ardot/101039env.pdf,101039env.pdf,0,2026-09-14,,,,
101062,2021,https://media.ark.org/ardot/101062env.pdf,101062env.pdf,0,2026-09-14,,,,
110124,2021,https://media.ark.org/ardot/110124env.pdf,110124env.pdf,0,2026-09-14,,,,
110702,2021,https://media.ark.org/ardot/110702env.pdf,110702env.pdf,0,2026-09-14,,,,
110718,2021,https://media.ark.org/ardot/110718env.pdf,110718env.pdf,0,2026-09-14,,,,
110728,2021,https://media.ark.org/ardot/110728env.pdf,110728env.pdf,0,2026-09-14,,,,
110799,2021,https://media.ark.org/ardot/110799env.pdf,110799env.pdf,0,2026-09-14,,,,
110800,2021,https://media.ark.org/ardot/110800env.pdf,110800env.pdf,0,2026-09-14,,,,
A00005,2021,https://media.ark.org/ardot/A00005env.pdf,A00005env.pdf,0,2026-09-14,,,,
A10005,2021,https://media.ark.org/ardot/A10005env.pdf,A10005env.pdf,0,2026-09-14,,,,
A10006,2021,https://media.ark.org/ardot/A10006env.pdf,A10006env.pdf,0,2026-09-14,,,,
A20006,2021,https://media.ark.org/ardot/A20006env.pdf,A20006env.pdf,0,2026-09-14,,,,
A20007,2021,https://media.ark.org/ardot/A20007env.pdf,A20007env.pdf,0,2026-09-14,,,,
A30002,2021,https://media.ark.org/ardot/A30002env.pdf,A30002env.pdf,0,2026-09-14,,,,
A30004,2021,https://media.ark.org/ardot/A30004env.pdf,A30004env.pdf,0,2026-09-14,,,,
A40006,2021,https://media.ark.org/ardot/A40006env.pdf,A40006env.pdf,0,2026-09-14,,,,
A50002,2021,https://media.ark.org/ardot/A50002env.pdf,A50002env.pdf,0,2026-09-14,,,,
A50003,2021,https://media.ark.org/ardot/A50003env.pdf,A50003env.pdf,0,2026-09-14,,,,
A50004,2021,https://media.ark.org/ardot/A50004env.pdf,A50004env.pdf,0,2026-09-14,,,,
A50005,2021,https://media.ark.org/ardot/A50005env.pdf,A50005env.pdf,0,2026-09-14,,,,
A50007,2021,https://media.ark.org/ardot/A50007env.pdf,A50007env.pdf,0,2026-09-14,,,,
A50008,2021,https://media.ark.org/ardot/A50008env.pdf,A50008env.pdf,0,2026-09-14,,,,
A60002,2021,https://media.ark.org/ardot/A60002env.pdf,A60002env.pdf,0,2026-09-14,,,,
A60003,2021,https://media.ark.org/ardot/A60003env.pdf,A60003env.pdf,0,2026-09-14,,,,
A60004,2021,https://media.ark.org/ardot/A60004env.pdf,A60004env.pdf,0,2026-09-14,,,,
A60005,2021,https://media.ark.org/ardot/A60005env.pdf,A60005env.pdf,0,2026-09-14,,,,
A60006,2021,https://media.ark.org/ardot/A60006env.pdf,A60006env.pdf,0,2026-09-14,,,,
A70003,2021,https://media.ark.org/ardot/A70003env.pdf,A70003env.pdf,0,2026-09-14,,,,
A70004,2021,https://media.ark.org/ardot/A70004env.pdf,A70004env.pdf,0,2026-09-14,,,,
A70005,2021,https://media.ark.org/ardot/A70005env.pdf,A70005env.pdf,0,2026-09-14,,,,
A80001,2021,https://media.ark.org/ardot/A80001env.pdf,A80001env.pdf,0,2026-09-14,,,,
A80002,2021,https://media.ark.org/ardot/A80002env-1.pdf,A80002env-1.pdf,0,2026-09-14,,,,
A80003,2021,https://media.ark.org/ardot/A80003env-1.pdf,A80003env-1.pdf,0,2026-09-14,,,,
A80004,2021,https://media.ark.org/ardot/A80004env.pdf,A80004env.pdf,0,2026-09-14,,,,
A80006,2021,https://media.ark.org/ardot/A80006env-1.pdf,A80006env-1.pdf,0,2026-09-14,,,,
A80007,2021,https://media.ark.org/ardot/A80007env.pdf,A80007env.pdf,0,2026-09-14,,,,
A80008,2021,https://media.ark.org/ardot/A80008env.pdf,A80008env.pdf,0,2026-09-14,,,,
A90004,2021,https://media.ark.org/ardot/A90004env-1.pdf,A90004env-1.pdf,0,2026-09-14,,,,
A90005,2021,https://media.ark.org/ardot/A90005env-1.pdf,A90005env-1.pdf,0,2026-09-14,,,,
A90006,2021,https://media.ark.org/ardot/A90006env.pdf,A90006env.pdf,0,2026-09-14,,,,
A90007,2021,https://media.ark.org/ardot/A90007env.pdf,A90007env.pdf,0,2026-09-14,,,,
A90008,2021,https://media.ark.org/ardot/A90008env-1.pdf,A90008env-1.pdf,0,2026-09-14,,,,
A90010,2021,https://media.ark.org/ardot/A90010env.pdf,A90010env.pdf,0,2026-09-14,,,,
AX0001,2021,https://media.ark.org/ardot/AX0001env.pdf,AX0001env.pdf,0,2026-09-14,,,,
BR2503,2021,https://media.ark.org/ardot/BR2503env.pdf,BR2503env.pdf,0,2026-09-14,,,,
C35002,2021,https://media.ark.org/ardot/C35002env.pdf,C35002env.pdf,0,2026-09-14,,,,
CA0607,2021,https://media.ark.org/ardot/CA0607env-1.pdf,CA0607env-1.pdf,0,2026-09-14,,,,
FA5309,2021,https://media.ark.org/ardot/FA5309env.pdf,FA5309env.pdf,0,2026-09-14,,,,
012227,2022,https://media.ark.org/ardot/012227env.pdf,012227env.pdf,0,2026-09-14,,,,
012362,2022,https://media.ark.org/ardot/012362env.pdf,012362env.pdf,0,2026-09-14,,,,
012388,2022,https://media.ark.org/ardot/012388env.pdf,012388env.pdf,0,2026-09-14,,,,
012392,2022,https://media.ark.org/ardot/012392env.pdf,012392env.pdf,0,2026-09-14,,,,
012397,2022,https://media.ark.org/ardot/012397env.pdf,012397env.pdf,0,2026-09-14,,,,
012406,2022,https://media.ark.org/ardot/012406env.pdf,012406env.pdf,0,2026-09-14,,,,
012407,2022,https://media.ark.org/ardot/012407env.pdf,012407env.pdf,0,2026-09-14,,,,
012408,2022,https://media.ark.org/ardot/012408env.pdf,012408env.pdf,0,2026-09-14,,,,
012424,2022,https://media.ark.org/ardot/012424-env.pdf,012424-env.pdf,0,2026-09-14,,,,
012425,2022,https://media.ark.org/ardot/012425env.pdf,012425env.pdf,0,2026-09-14,,,,
012426,2022,https://media.ark.org/ardot/012426env.pdf,012426env.pdf,0,2026-09-14,,,,
012427,2022,https://media.ark.org/ardot/012427env.pdf,012427env.pdf,0,2026-09-14,,,,
012428,2022,https://media.ark.org/ardot/012430env.pdf,012430env.pdf,1,2026-09-14,,,,
012428,2022,https://media.ark.org/ardot/012428env.pdf,012428env.pdf,0,2026-09-14,,,,
012429,2022,https://media.ark.org/ardot/012429env.pdf,012429env.pdf,0,2026-09-14,,,,
012430,2022,https://media.ark.org/ardot/012430env.pdf,012430env.pdf,0,2026-09-14,,,,
012431,2022,https://media.ark.org/ardot/012431env.pdf,012431env.pdf,0,2026-09-14,,,,
020588,2022,https://media.ark.org/ardot/020588env.pdf,020588env.pdf,0,2026-09-14,,,,
020678,2022,https://media.ark.org/ardot/020678env.pdf,020678env.pdf,0,2026-09-14,,,,
020702,2022,https://media.ark.org/ardot/020702env.pdf,020702env.pdf,0,2026-09-14,,,,
020780,2022,https://media.ark.org/ardot/020780env.pdf,020780env.pdf,0,2026-09-14,,,,
020789,2022,https://media.ark.org/ardot/020789env.pdf,020789env.pdf,0,2026-09-14,,,,
040779,2022,https://media.ark.org/ardot/040779env.pdf,040779env.pdf,0,2026-09-14,,,,
040828,2022,https://media.ark.org/ardot/040828env.pdf,040828env.pdf,0,2026-09-14,,,,
040900,2022,https://media.ark.org/ardot/040900env.pdf,040900env.pdf,0,2026-09-14,,,,
050342,2022,https://media.ark.org/ardot/050342env.pdf,050342env.pdf,0,2026-09-14,,,,
050347,2022,https://media.ark.org/ardot/050347env.pdf,050347env.pdf,0,2026-09-14,,,,
050414,2022,https://media.ark.org/ardot/050414env.pdf,050414env.pdf,0,2026-09-14,,,,
050417,2022,https://media.ark.org/ardot/050417env.pdf,050417env.pdf,0,2026-09-14,,,,
061472,2022,https://media.ark.org/ardot/061472env.pdf,061472env.pdf,0,2026-09-14,,,,
061473,2022,https://media.ark.org/ardot/061473env.pdf,061473env.pdf,0,2026-09-14,,,,
061687,2022,https://media.ark.org/ardot/061687env.pdf,061687env.pdf,0,2026-09-14,,,,
061736,2022,https://media.ark.org/ardot/061736env.pdf,061736env.pdf,0,2026-09-14,,,,
061754,2022,https://media.ark.org/ardot/061754_2022.09.13_aCE-T1-Re-eval.pdf,061754_2022.09.13_aCE-T1-Re-eval.pdf,0,2026-09-14,,,,
070442,2022,https://media.ark.org/ardot/070442env.pdf,070442env.pdf,0,2026-09-14,,,,
070513,2022,https://media.ark.org/ardot/070513env.pdf,070513env.pdf,0,2026-09-14,,,,
070514,2022,https://media.ark.org/ardot/070514env.pdf,070514env.pdf,0,2026-09-14,,,,
070563,2022,https://media.ark.org/ardot/070563env.pdf,070563env.pdf,0,2026-09-14,,,,
080580,2022,https://media.ark.org/ardot/080580env.pdf,080580env.pdf,0,2026-09-14,,,,
090555,2022,https://media.ark.org/ardot/090555env.pdf,090555env.pdf,0,2026-09-14,,,,
100098,2022,https://media.ark.org/ardot/100098env.pdf,100098env.pdf,0,2026-09-14,,,,
100657,2022,https://media.ark.org/ardot/100657env.pdf,100657env.pdf,0,2026-09-14,,,,
100942,2022,https://media.ark.org/ardot/100942env.pdf,100942env.pdf,0,2026-09-14,,,,
100955,2022,https://media.ark.org/ardot/100955env.pdf,100955env.pdf,0,2026-09-14,,,,
100997,2022,https://media.ark.org/ardot/100997env.pdf,100997env.pdf,0,2026-09-14,,,,
101010,2022,https://media.ark.org/ardot/101010env.pdf,101010env.pdf,0,2026-09-14,,,,
101054,2022,https://media.ark.org/ardot/101054env.pdf,101054env.pdf,0,2026-09-14,,,,
101111,2022,https://media.ark.org/ardot/101111env.pdf,101111env.pdf,0,2026-09-14,,,,
110813,2022,https://media.ark.org/ardot/110813env.pdf,110813env.pdf,0,2026-09-14,,,,
A00004,2022,https://media.ark.org/ardot/A00004env.pdf,A00004env.pdf,0,2026-09-14,,,,
A00009,2022,https://media.ark.org/ardot/A00009env.pdf,A00009env.pdf,0,2026-09-14,,,,
A00010,2022,https://media.ark.org/ardot/A00010env.pdf,A00010env.pdf,0,2026-09-14,,,,
A00011,2022,https://media.ark.org/ardot/A00011env.pdf,A00011env.pdf,0,2026-09-14,,,,
A00012,2022,https://media.ark.org/ardot/A00012env.pdf,A00012env.pdf,0,2026-09-14,,,,
A00013,2022,https://media.ark.org/ardot/A00013env.pdf,A00013env.pdf,0,2026-09-14,,,,
A00014,2022,https://media.ark.org/ardot/A00014env.pdf,A00014env.pdf,0,2026-09-14,,,,
A00015,2022,https://media.ark.org/ardot/A00015env.pdf,A00015env.pdf,0,2026-09-14,,,,
A00016,2022,https://media.ark.org/ardot/A00016env.pdf,A00016env.pdf,0,2026-09-14,,,,
A00017,2022,https://media.ark.org/ardot/A00017env.pdf,A00017env.pdf,0,2026-09-14,,,,
A00018,2022,https://media.ark.org/ardot/A00018env.pdf,A00018env.pdf,0,2026-09-14,,,,
A00019,2022,https://media.ark.org/ardot/A00019env.pdf,A00019env.pdf,0,2026-09-14,,,,
A00020,2022,https://media.ark.org/ardot/A00020env.pdf,A00020env.pdf,0,2026-09-14,,,,
A00021,2022,https://media.ark.org/ardot/A00021env.pdf,A00021env.pdf,0,2026-09-14,,,,
A00022,2022,https://media.ark.org/ardot/A00022env.pdf,A00022env.pdf,0,2026-09-14,,,,
A00023,2022,https://media.ark.org/ardot/A00023env.pdf,A00023env.pdf,0,2026-09-14,,,,
A00024,2022,https://media.ark.org/ardot/A00024env.pdf,A00024env.pdf,0,2026-09-14,,,,
A10008,2022,https://media.ark.org/ardot/A10008env.pdf,A10008env.pdf,0,2026-09-14,,,,
A10010,2022,https://media.ark.org/ardot/A10010env.pdf,A10010env.pdf,0,2026-09-14,,,,
A10011,2022,https://media.ark.org/ardot/A10011env.pdf,A10011env.pdf,0,2026-09-14,,,,
A10012,2022,https://media.ark.org/ardot/A10012env.pdf,A10012env.pdf,0,2026-09-14,,,,
A10013,2022,https://media.ark.org/ardot/A10013env.pdf,A10013env.pdf,0,2026-09-14,,,,
A10014,2022,https://media.ark.org/ardot/A10014env.pdf,A10014env.pdf,0,2026-09-14,,,,
A10015,2022,https://media.ark.org/ardot/A10015env.pdf,A10015env.pdf,0,2026-09-14,,,,
A20004,2022,https://media.ark.org/ardot/A20004env.pdf,A20004env.pdf,0,2026-09-14,,,,
A20005,2022,https://media.ark.org/ardot/A20005env.pdf,A20005env.pdf,0,2026-09-14,,,,
A20011,2022,https://media.ark.org/ardot/A20011env.pdf,A20011env.pdf,0,2026-09-14,,,,
A20012,2022,https://media.ark.org/ardot/A20012env.pdf,A20012env.pdf,0,2026-09-14,,,,
A20013,2022,https://media.ark.org/ardot/A20013env.pdf,A20013env.pdf,0,2026-09-14,,,,
A20014,2022,https://media.ark.org/ardot/A20014env.pdf,A20014env.pdf,0,2026-09-14,,,,
A20016,2022,https://media.ark.org/ardot/A20016env.pdf,A20016env.pdf,0,2026-09-14,,,,
A30005,2022,https://media.ark.org/ardot/A30005env.pdf,A30005env.pdf,0,2026-09-14,,,,
A30008,2022,https://media.ark.org/ardot/A30008env.pdf,A30008env.pdf,0,2026-09-14,,,,
A30009,2022,https://media.ark.org/ardot/A30009env.pdf,A30009env.pdf,0,2026-09-14,,,,
A30010,2022,https://media.ark.org/ardot/A30010env.pdf,A30010env.pdf,0,2026-09-14,,,,
A30011,2022,https://media.ark.org/ardot/A30011env.pdf,A30011env.pdf,0,2026-09-14,,,,
A30012,2022,https://media.ark.org/ardot/A30012env.pdf,A30012env.pdf,0,2026-09-14,,,,
A30013,2022,https://media.ark.org/ardot/A30013env.pdf,A30013env.pdf,0,2026-09-14,,,,
A30014,2022,https://media.ark.org/ardot/A30014env.pdf,A30014env.pdf,0,2026-09-14,,,,
A30015,2022,https://media.ark.org/ardot/A30015env.pdf,A30015env.pdf,0,2026-09-14,,,,
A40010,2022,https://media.ark.org/ardot/A40010env.pdf,A40010env.pdf,0,2026-09-14,,,,
A40011,2022,https://media.ark.org/ardot/A40011env.pdf,A40011env.pdf,0,2026-09-14,,,,
A40012,2022,https://media.ark.org/ardot/A40012env.pdf,A40012env.pdf,0,2026-09-14,,,,
A40013,2022,https://media.ark.org/ardot/A40013env.pdf,A40013env.pdf,0,2026-09-14,,,,
A40018,2022,https://media.ark.org/ardot/A40018env.pdf,A40018env.pdf,0,2026-09-14,,,,
A50009,2022,https://media.ark.org/ardot/A50009env.pdf,A50009env.pdf,0,2026-09-14,,,,
A50010,2022,https://media.ark.org/ardot/A50010env.pdf,A50010env.pdf,0,2026-09-14,,,,
A50011,2022,https://media.ark.org/ardot/A50011env.pdf,A50011env.pdf,0,2026-09-14,,,,
A50012,2022,https://media.ark.org/ardot/A50012env.pdf,A50012env.pdf,0,2026-09-14,,,,
A50013,2022,https://media.ark.org/ardot/A50013env.pdf,A50013env.pdf,0,2026-09-14,,,,
A50014,2022,https://media.ark.org/ardot/A50014env.pdf,A50014env.pdf,0,2026-09-14,,,,
A60008,2022,https://media.ark.org/ardot/A60008env.pdf,A60008env.pdf,0,2026-09-14,,,,
A60009,2022,https://media.ark.org/ardot/A60009env.pdf,A60009env.pdf,0,2026-09-14,,,,
A60010,2022,https://media.ark.org/ardot/A60010env.pdf,A60010env.pdf,0,2026-09-14,,,,
A60011,2022,https://media.ark.org/ardot/A60011env.pdf,A60011env.pdf,0,2026-09-14,,,,
A60012,2022,https://media.ark.org/ardot/A60012env.pdf,A60012env.pdf,0,2026-09-14,,,,
A60013,2022,https://media.ark.org/ardot/A60013env.pdf,A60013env.pdf,0,2026-09-14,,,,
A60014,2022,https://media.ark.org/ardot/A60014env.pdf,A60014env.pdf,0,2026-09-14,,,,
A60015,2022,https://media.ark.org/ardot/A60015env.pdf,A60015env.pdf,0,2026-09-14,,,,
A60016,2022,https://media.ark.org/ardot/A60016env.pdf,A60016env.pdf,0,2026-09-14,,,,
A60017,2022,https://media.ark.org/ardot/A60017env.pdf,A60017env.pdf,0,2026-09-14,,,,
A70008,2022,https://media.ark.org/ardot/A70008env.pdf,A70008env.pdf,0,2026-09-14,,,,
A70009,2022,https://media.ark.org/ardot/A70009env.pdf,A70009env.pdf,0,2026-09-14,,,,
A70010,2022,https://media.ark.org/ardot/A70010env.pdf,A70010env.pdf,0,2026-09-14,,,,
A70011,2022,https://media.ark.org/ardot/A70011env.pdf,A70011env.pdf,0,2026-09-14,,,,
A70012,2022,https://media.ark.org/ardot/A70012env.pdf,A70012env.pdf,0,2026-09-14,,,,
A70013,2022,https://media.ark.org/ardot/A70013env.pdf,A70013env.pdf,0,2026-09-14,,,,
A70014,2022,https://media.ark.org/ardot/A70014env.pdf,A70014env.pdf,0,2026-09-14,,,,
A80003,2022,https://media.ark.org/ardot/A80003env.pdf,A80003env.pdf,0,2026-09-14,,,,
A80011,2022,https://media.ark.org/ardot/A80011env.pdf,A80011env.pdf,0,2026-09-14,,,,
A80012,2022,https://media.ark.org/ardot/A80012env.pdf,A80012env.pdf,0,2026-09-14,,,,
A80013,2022,https://media.ark.org/ardot/A80013env.pdf,A80013env.pdf,0,2026-09-14,,,,
A80014,2022,https://media.ark.org/ardot/A80014env.pdf,A80014env.pdf,0,2026-09-14,,,,
A80015,2022,https://media.ark.org/ardot/A80015env.pdf,A80015env.pdf,0,2026-09-14,,,,
A80016,2022,https://media.ark.org/ardot/A80016env.pdf,A80016env.pdf,0,2026-09-14,,,,
A80017,2022,https://media.ark.org/ardot/A80017env.pdf,A80017env.pdf,0,2026-09-14,,,,
A80018,2022,https://media.ark.org/ardot/A80018env.pdf,A80018env.pdf,0,2026-09-14,,,,
A90011,2022,https://media.ark.org/ardot/A90011env.pdf,A90011env.pdf,0,2026-09-14,,,,
A90012,2022,https://media.ark.org/ardot/A90012env.pdf,A90012env.pdf,0,2026-09-14,,,,
A90013,2022,https://media.ark.org/ardot/A90013env.pdf,A90013env.pdf,0,2026-09-14,,,,
A90014,2022,https://media.ark.org/ardot/A90014env.pdf,A90014env.pdf,0,2026-09-14,,,,
A90015,2022,https://media.ark.org/ardot/A90015env.pdf,A90015env.pdf,0,2026-09-14,,,,
A90016,2022,https://media.ark.org/ardot/A90016env.pdf,A90016env.pdf,0,2026-09-14,,,,
A90022,2022,https://media.ark.org/ardot/A90022env.pdf,A90022env.pdf,0,2026-09-14,,,,
AX0003,2022,https://media.ark.org/ardot/AX0003env.pdf,AX0003env.pdf,0,2026-09-14,,,,
BR2605,2022,https://media.ark.org/ardot/BR2605env-1.pdf,BR2605env-1.pdf,0,2026-09-14,,,,
BR5007,2022,https://media.ark.org/ardot/BR5007env.pdf,BR5007env.pdf,0,2026-09-14,,,,
CA0604,2022,https://media.ark.org/ardot/CA0604env.pdf,CA0604env.pdf,0,2026-09-14,,,,
009916,2023,https://media.ark.org/ardot/009916env.pdf,009916env.pdf,0,2026-09-14,,,,
012275,2023,https://media.ark.org/ardot/012275env.pdf,012275env.pdf,0,2026-09-14,,,,
012326,2023,https://media.ark.org/ardot/012326env.pdf,012326env.pdf,0,2026-09-14,,,,
012384,2023,https://media.ark.org/ardot/012384env.pdf,012384env.pdf,0,2026-09-14,,,,
012410,2023,https://media.ark.org/ardot/012410env.pdf,012410env.pdf,0,2026-09-14,,,,
012439,2023,https://media.ark.org/ardot/012439env.pdf,012439env.pdf,0,2026-09-14,,,,
012442,2023,https://media.ark.org/ardot/012442env.pdf,012442env.pdf,0,2026-09-14,,,,
012443,2023,https://media.ark.org/ardot/012443env.pdf,012443env.pdf,0,2026-09-14,,,,
012444,2023,https://media.ark.org/ardot/012444env.pdf,012444env.pdf,0,2026-09-14,,,,
012445,2023,https://media.ark.org/ardot/012445env.pdf,012445env.pdf,0,2026-09-14,,,,
012469,2023,https://media.ark.org/ardot/012469env.pdf,012469env.pdf,0,2026-09-14,,,,
012470,2023,https://media.ark.org/ardot/012470env.pdf,012470env.pdf,0,2026-09-14,,,,
012471,2023,https://media.ark.org/ardot/012471env.pdf,012471env.pdf,0,2026-09-14,,,,
012472,2023,https://media.ark.org/ardot/012472env.pdf,012472env.pdf,0,2026-09-14,,,,
020475,2023,https://media.ark.org/ardot/020475env.pdf,020475env.pdf,0,2026-09-14,,,,
020626,2023,https://media.ark.org/ardot/020626env.pdf,020626env.pdf,0,2026-09-14,,,,
020713,2023,https://media.ark.org/ardot/020713env.pdf,020713env.pdf,0,2026-09-14,,,,
020734,2023,https://media.ark.org/ardot/020734env.pdf,020734env.pdf,0,2026-09-14,,,,
020791,2023,https://media.ark.org/ardot/020791env.pdf,020791env.pdf,0,2026-09-14,,,,
030530,2023,https://media.ark.org/ardot/030530env.pdf,030530env.pdf,0,2026-09-14,,,,
040721,2023,https://media.ark.org/ardot/040721env.pdf,040721env.pdf,0,2026-09-14,,,,
040782,2023,https://media.ark.org/ardot/040782env.pdf,040782env.pdf,0,2026-09-14,,,,
040839,2023,https://media.ark.org/ardot/040839env.pdf,040839env.pdf,0,2026-09-14,,,,
040861,2023,https://media.ark.org/ardot/040861env.pdf,040861env.pdf,0,2026-09-14,,,,
040883,2023,https://media.ark.org/ardot/040883env.pdf,040883env.pdf,0,2026-09-14,,,,
040895,2023,https://media.ark.org/ardot/040895env.pdf,040895env.pdf,0,2026-09-14,,,,
040898,2023,https://media.ark.org/ardot/040898env.pdf,040898env.pdf,0,2026-09-14,,,,
040926,2023,https://media.ark.org/ardot/040926env.pdf,040926env.pdf,0,2026-09-14,,,,
050171,2023,https://media.ark.org/ardot/050171env.pdf,050171env.pdf,0,2026-09-14,,,,
050415,2023,https://media.ark.org/ardot/050415env.pdf,050415env.pdf,0,2026-09-14,,,,
050416,2023,https://media.ark.org/ardot/050416env.pdf,050416env.pdf,0,2026-09-14,,,,
050466,2023,https://media.ark.org/ardot/050466env.pdf,050466env.pdf,0,2026-09-14,,,,
050478,2023,https://media.ark.org/ardot/050478env.pdf,050478env.pdf,0,2026-09-14,,,,
061439,2023,https://media.ark.org/ardot/061439env.pdf,061439env.pdf,0,2026-09-14,,,,
061508,2023,https://media.ark.org/ardot/061508env.pdf,061508env.pdf,0,2026-09-14,,,,
061613,2023,https://media.ark.org/ardot/061613env.pdf,061613env.pdf,0,2026-09-14,,,,
061642,2023,https://media.ark.org/ardot/061642env.pdf,061642env.pdf,0,2026-09-14,,,,
061646,2023,https://media.ark.org/ardot/061646env.pdf,061646env.pdf,0,2026-09-14,,,,
061681,2023,https://media.ark.org/ardot/061681env.pdf,061681env.pdf,0,2026-09-14,,,,
061743,2023,https://media.ark.org/ardot/061743env.pdf,061743env.pdf,0,2026-09-14,,,,
061750,2023,https://media.ark.org/ardot/061750env.pdf,061750env.pdf,0,2026-09-14,,,,
061760,2023,https://media.ark.org/ardot/061760env.pdf,061760env.pdf,0,2026-09-14,,,,
061766,2023,https://media.ark.org/ardot/061766env.pdf,061766env.pdf,0,2026-09-14,,,,
061783,2023,https://media.ark.org/ardot/061783env.pdf,061783env.pdf,0,2026-09-14,,,,
061820,2023,https://media.ark.org/ardot/061820env.pdf,061820env.pdf,0,2026-09-14,,,,
070511,2023,https://media.ark.org/ardot/070511env.pdf,070511env.pdf,0,2026-09-14,,,,
070561,2023,https://media.ark.org/ardot/070561env.pdf,070561env.pdf,0,2026-09-14,,,,
070571,2023,https://media.ark.org/ardot/070571env.pdf,070571env.pdf,0,2026-09-14,,,,
080609,2023,https://media.ark.org/ardot/080609env.pdf,080609env.pdf,0,2026-09-14,,,,
080616,2023,https://media.ark.org/ardot/080616env.pdf,080616env.pdf,0,2026-09-14,,,,
080648,2023,https://media.ark.org/ardot/080648env.pdf,080648env.pdf,0,2026-09-14,,,,
090338,2023,https://media.ark.org/ardot/090338env.pdf,090338env.pdf,0,2026-09-14,,,,
090431,2023,https://media.ark.org/ardot/090431env.pdf,090431env.pdf,0,2026-09-14,,,,
090435,2023,https://media.ark.org/ardot/090435env.pdf,090435env.pdf,0,2026-09-14,,,,
090549,2023,https://media.ark.org/ardot/090549env.pdf,090549env.pdf,0,2026-09-14,,,,
090550,2023,https://media.ark.org/ardot/090550env.pdf,090550env.pdf,0,2026-09-14,,,,
090654,2023,https://media.ark.org/ardot/090654env.pdf,090654env.pdf,0,2026-09-14,,,,
100985,2023,https://media.ark.org/ardot/100985env.pdf,100985env.pdf,0,2026-09-14,,,,
100993,2023,https://media.ark.org/ardot/100993env.pdf,100993env.pdf,0,2026-09-14,,,,
101009,2023,https://media.ark.org/ardot/101009env.pdf,101009env.pdf,0,2026-09-14,,,,
101013,2023,https://media.ark.org/ardot/101013env.pdf,101013env.pdf,0,2026-09-14,,,,
101053,2023,https://media.ark.org/ardot/101053env.pdf,101053env.pdf,0,2026-09-14,,,,
101076,2023,https://media.ark.org/ardot/101076env.pdf,101076env.pdf,0,2026-09-14,,,,
101077,2023,https://media.ark.org/ardot/101077env.pdf,101077env.pdf,0,2026-09-14,,,,
101124,2023,https://media.ark.org/ardot/101124env.pdf,101124env.pdf,0,2026-09-14,,,,
101130,2023,https://media.ark.org/ardot/101130-env.pdf,101130-env.pdf,0,2026-09-14,,,,
101165,2023,https://media.ark.org/ardot/101165env.pdf,101165env.pdf,0,2026-09-14,,,,
110709,2023,https://media.ark.org/ardot/110709env.pdf,110709env.pdf,0,2026-09-14,,,,
110816,2023,https://media.ark.org/ardot/110816env.pdf,110816env.pdf,0,2026-09-14,,,,
A00031,2023,https://media.ark.org/ardot/A00031env.pdf,A00031env.pdf,0,2026-09-14,,,,
A00038,2023,https://media.ark.org/ardot/A00038env.pdf,A00038env.pdf,0,2026-09-14,,,,
A00039,2023,https://media.ark.org/ardot/A00039env.pdf,A00039env.pdf,0,2026-09-14,,,,
A00040,2023,https://media.ark.org/ardot/A00040env.pdf,A00040env.pdf,0,2026-09-14,,,,
A00041,2023,https://media.ark.org/ardot/A00041env.pdf,A00041env.pdf,0,2026-09-14,,,,
A00042,2023,https://media.ark.org/ardot/A00042env.pdf,A00042env.pdf,0,2026-09-14,,,,
A00043,2023,https://media.ark.org/ardot/A00043env.pdf,A00043env.pdf,0,2026-09-14,,,,
A00044,2023,https://media.ark.org/ardot/A00044env.pdf,A00044env.pdf,0,2026-09-14,,,,
A00045,2023,https://media.ark.org/ardot/A00045env.pdf,A00045env.pdf,0,2026-09-14,,,,
A00046,2023,https://media.ark.org/ardot/A00046env.pdf,A00046env.pdf,0,2026-09-14,,,,
A00047,2023,https://media.ark.org/ardot/A00047env.pdf,A00047env.pdf,0,2026-09-14,,,,
A00057,2023,https://media.ark.org/ardot/A00057env.pdf,A00057env.pdf,0,2026-09-14,,,,
A00060,2023,https://media.ark.org/ardot/A00060env.pdf,A00060env.pdf,0,2026-09-14,,,,
A00064,2023,https://media.ark.org/ardot/A00064env.pdf,A00064env.pdf,0,2026-09-14,,,,
A10019,2023,https://media.ark.org/ardot/A10019env.pdf,A10019env.pdf,0,2026-09-14,,,,
A10021,2023,https://media.ark.org/ardot/A10021env.pdf,A10021env.pdf,0,2026-09-14,,,,
A10022,2023,https://media.ark.org/ardot/A10022env.pdf,A10022env.pdf,0,2026-09-14,,,,
A10023,2023,https://media.ark.org/ardot/A10023env.pdf,A10023env.pdf,0,2026-09-14,,,,
A10024,2023,https://media.ark.org/ardot/A10024env.pdf,A10024env.pdf,0,2026-09-14,,,,
A10025,2023,https://media.ark.org/ardot/A10025env.pdf,A10025env.pdf,0,2026-09-14,,,,
A10030,2023,https://media.ark.org/ardot/A10030env.pdf,A10030env.pdf,0,2026-09-14,,,,
A10032,2023,https://media.ark.org/ardot/A10032env.pdf,A10032env.pdf,0,2026-09-14,,,,
A10033,2023,https://media.ark.org/ardot/A10033env.pdf,A10033env.pdf,0,2026-09-14,,,,
A10035,2023,https://media.ark.org/ardot/A10035env.pdf,A10035env.pdf,0,2026-09-14,,,,
A20018,2023,https://media.ark.org/ardot/A20018env.pdf,A20018env.pdf,0,2026-09-14,,,,
A20019,2023,https://media.ark.org/ardot/A20019env.pdf,A20019env.pdf,0,2026-09-14,,,,
A20020,2023,https://media.ark.org/ardot/A20020env.pdf,A20020env.pdf,0,2026-09-14,,,,
A20021,2023,https://media.ark.org/ardot/A20021env.pdf,A20021env.pdf,0,2026-09-14,,,,
A20022,2023,https://media.ark.org/ardot/A20022env.pdf,A20022env.pdf,0,2026-09-14,,,,
A20028,2023,https://media.ark.org/ardot/A20028env.pdf,A20028env.pdf,0,2026-09-14,,,,
A30018,2023,https://media.ark.org/ardot/A30018env.pdf,A30018env.pdf,0,2026-09-14,,,,
A30019,2023,https://media.ark.org/ardot/A30019env.pdf,A30019env.pdf,0,2026-09-14,,,,
A30020,2023,https://media.ark.org/ardot/A30020env.pdf,A30020env.pdf,0,2026-09-14,,,,
A30021,2023,https://media.ark.org/ardot/A30021env.pdf,A30021env.pdf,0,2026-09-14,,,,
A30022,2023,https://media.ark.org/ardot/A30022env.pdf,A30022env.pdf,0,2026-09-14,,,,
A30023,2023,https://media.ark.org/ardot/A30023env.pdf,A30023env.pdf,0,2026-09-14,,,,
A30024,2023,https://media.ark.org/ardot/A30024env.pdf,A30024env.pdf,0,2026-09-14,,,,
A30025,2023,https://media.ark.org/ardot/A30025env.pdf,A30025env.pdf,0,2026-09-14,,,,
A30030,2023,https://media.ark.org/ardot/A30030env.pdf,A30030env.pdf,0,2026-09-14,,,,
A40017,2023,https://media.ark.org/ardot/A40017env.pdf,A40017env.pdf,0,2026-09-14,,,,
A40019,2023,https://media.ark.org/ardot/A40019env.pdf,A40019env.pdf,0,2026-09-14,,,,
A40020,2023,https://media.ark.org/ardot/A40020env.pdf,A40020env.pdf,0,2026-09-14,,,,
A40021,2023,https://media.ark.org/ardot/A40021env.pdf,A40021env.pdf,0,2026-09-14,,,,
A40022,2023,https://media.ark.org/ardot/A40022env.pdf,A40022env.pdf,0,2026-09-14,,,,
A40023,2023,https://media.ark.org/ardot/A40023env.pdf,A40023env.pdf,0,2026-09-14,,,,
A40024,2023,https://media.ark.org/ardot/A40024env.pdf,A40024env.pdf,0,2026-09-14,,,,
A40025,2023,https://media.ark.org/ardot/A40025env.pdf,A40025env.pdf,0,2026-09-14,,,,
A40032,2023,https://media.ark.org/ardot/A40032env.pdf,A40032env.pdf,0,2026-09-14,,,,
A40034,2023,https://media.ark.org/ardot/A40034env.pdf,A40034env.pdf,0,2026-09-14,,,,
A50017,2023,https://media.ark.org/ardot/A50017env.pdf,A50017env.pdf,0,2026-09-14,,,,
A50018,2023,https://media.ark.org/ardot/A50018env.pdf,A50018env.pdf,0,2026-09-14,,,,
A50019,2023,https://media.ark.org/ardot/A50019env.pdf,A50019env.pdf,0,2026-09-14,,,,
A50020,2023,https://media.ark.org/ardot/A50020env.pdf,A50020env.pdf,0,2026-09-14,,,,
A50021,2023,https://media.ark.org/ardot/A50021env.pdf,A50021env.pdf,0,2026-09-14,,,,
A50022,2023,https://media.ark.org/ardot/A50022env.pdf,A50022env.pdf,0,2026-09-14,,,,
A50023,2023,https://media.ark.org/ardot/A50023env.pdf,A50023env.pdf,0,2026-09-14,,,,
A50025,2023,https://media.ark.org/ardot/A50025env.pdf,A50025env.pdf,0,2026-09-14,,,,
A50030,2023,https://media.ark.org/ardot/A50030env.pdf,A50030env.pdf,0,2026-09-14,,,,
A60021,2023,https://media.ark.org/ardot/A60021env.pdf,A60021env.pdf,0,2026-09-14,,,,
A60022,2023,https://media.ark.org/ardot/A60022env.pdf,A60022env.pdf,0,2026-09-14,,,,
A60023,2023,https://media.ark.org/ardot/A60023env.pdf,A60023env.pdf,0,2026-09-14,,,,
A60024,2023,https://media.ark.org/ardot/A60024env.pdf,A60024env.pdf,0,2026-09-14,,,,
A60025,2023,https://media.ark.org/ardot/A60025env.pdf,A60025env.pdf,0,2026-09-14,,,,
A60026,2023,https://media.ark.org/ardot/A60026env.pdf,A60026env.pdf,0,2026-09-14,,,,
A60027,2023,https://media.ark.org/ardot/A60027env.pdf,A60027env.pdf,0,2026-09-14,,,,
A60028,2023,https://media.ark.org/ardot/A60028env.pdf,A60028env.pdf,0,2026-09-14,,,,
A60029,2023,https://media.ark.org/ardot/A60029env.pdf,A60029env.pdf,0,2026-09-14,,,,
A60030,2023,https://media.ark.org/ardot/A60030env.pdf,A60030env.pdf,0,2026-09-14,,,,
A60031,2023,https://media.ark.org/ardot/A60031env.pdf,A60031env.pdf,0,2026-09-14,,,,
A70018,2023,https://media.ark.org/ardot/A70018env.pdf,A70018env.pdf,0,2026-09-14,,,,
A70019,2023,https://media.ark.org/ardot/A70019env.pdf,A70019env.pdf,0,2026-09-14,,,,
A70020,2023,https://media.ark.org/ardot/A70022env.pdf,A70022env.pdf,1,2026-09-14,,,,
A70021,2023,https://media.ark.org/ardot/A70021env.pdf,A70021env.pdf,0,2026-09-14,,,,
A70022,2023,https://media.ark.org/ardot/A70022env.pdf,A70022env.pdf,0,2026-09-14,,,,
A70023,2023,https://media.ark.org/ardot/A70023env.pdf,A70023env.pdf,0,2026-09-14,,,,
A70024,2023,https://media.ark.org/ardot/A70024env.pdf,A70024env.pdf,0,2026-09-14,,,,
A70028,2023,https://media.ark.org/ardot/A70028env.pdf,A70028env.pdf,0,2026-09-14,,,,
A80021,2023,https://media.ark.org/ardot/A80021env.pdf,A80021env.pdf,0,2026-09-14,,,,
A80022,2023,https://media.ark.org/ardot/A80022env.pdf,A80022env.pdf,0,2026-09-14,,,,
A80023,2023,https://media.ark.org/ardot/A80023env.pdf,A80023env.pdf,0,2026-09-14,,,,
A80024,2023,https://media.ark.org/ardot/A80024env.pdf,A80024env.pdf,0,2026-09-14,,,,
A80025,2023,https://media.ark.org/ardot/A80025env.pdf,A80025env.pdf,0,2026-09-14,,,,
A80029,2023,https://media.ark.org/ardot/A80029env.pdf,A80029env.pdf,0,2026-09-14,,,,
A90018,2023,https://media.ark.org/ardot/A90018env.pdf,A90018env.pdf,0,2026-09-14,,,,
A90020,2023,https://media.ark.org/ardot/A90020env.pdf,A90020env.pdf,0,2026-09-14,,,,
A90021,2023,https://media.ark.org/ardot/A90021env.pdf,A90021env.pdf,0,2026-09-14,,,,
AX0002,2023,https://media.ark.org/ardot/AX0002env.pdf,AX0002env.pdf,0,2026-09-14,,,,
BR1113,2023,https://media.ark.org/ardot/BR1113env.pdf,BR1113env.pdf,0,2026-09-14,,,,
BR4707,2023,https://media.ark.org/ardot/BR4707env.pdf,BR4707env.pdf,0,2026-09-14,,,,
BR6210,2023,https://media.ark.org/ardot/BR6210env.pdf,BR6210env.pdf,0,2026-09-14,,,,
BR7615,2023,https://media.ark.org/ardot/BR7615env.pdf,BR7615env.pdf,0,2026-09-14,,,,
C43005,2023,https://media.ark.org/ardot/C43005env.pdf,C43005env.pdf,0,2026-09-14,,,,
FA1913,2023,https://media.ark.org/ardot/FA1913env.pdf,FA1913env.pdf,0,2026-09-14,,,,
012479,2024,https://media.ark.org/ardot/012479env.pdf,012479env.pdf,0,2026-09-14,,,,
012494,2024,https://media.ark.org/ardot/012494env.pdf,012494env.pdf,0,2026-09-14,,,,
012497,2024,https://media.ark.org/ardot/012497env.pdf,012497env.pdf,0,2026-09-14,,,,
012506,2024,https://media.ark.org/ardot/012506env.pdf,012506env.pdf,0,2026-09-14,,,,
012507,2024,https://media.ark.org/ardot/012507env.pdf,012507env.pdf,0,2026-09-14,,,,
012508,2024,https://media.ark.org/ardot/012508env.pdf,012508env.pdf,0,2026-09-14,,,,
012509,2024,https://media.ark.org/ardot/012509env.pdf,012509env.pdf,0,2026-09-14,,,,
020778,2024,https://media.ark.org/ardot/020778env.pdf,020778env.pdf,0,2026-09-14,,,,
020784,2024,https://media.ark.org/ardot/020784env.pdf,020784env.pdf,0,2026-09-14,,,,
030529,2024,https://media.ark.org/ardot/030529env.pdf,030529env.pdf,0,2026-09-14,,,,
030585,2024,https://media.ark.org/ardot/030585env.pdf,030585env.pdf,0,2026-09-14,,,,
030595,2024,https://media.ark.org/ardot/030595env.pdf,030595env.pdf,0,2026-09-14,,,,
030596,2024,https://media.ark.org/ardot/030596env.pdf,030596env.pdf,0,2026-09-14,,,,
030598,2024,https://media.ark.org/ardot/030598env.pdf,030598env.pdf,0,2026-09-14,,,,
040781,2024,https://media.ark.org/ardot/040781env.pdf,040781env.pdf,0,2026-09-14,,,,
040792,2024,https://media.ark.org/ardot/040792env.pdf,040792env.pdf,0,2026-09-14,,,,
040793,2024,https://media.ark.org/ardot/040793env.pdf,040793env.pdf,0,2026-09-14,,,,
040826,2024,https://media.ark.org/ardot/040826env.pdf,040826env.pdf,0,2026-09-14,,,,
040854,2024,https://media.ark.org/ardot/040854env.pdf,040854env.pdf,0,2026-09-14,,,,
040899,2024,https://media.ark.org/ardot/040899env.pdf,040899env.pdf,0,2026-09-14,,,,
040901,2024,https://media.ark.org/ardot/040901-env.pdf,040901-env.pdf,0,2026-09-14,,,,
040912,2024,https://media.ark.org/ardot/040912env.pdf,040912env.pdf,0,2026-09-14,,,,
050422,2024,https://media.ark.org/ardot/050422env.pdf,050422env.pdf,0,2026-09-14,,,,
050423,2024,https://media.ark.org/ardot/050423env.pdf,050423env.pdf,0,2026-09-14,,,,
050475,2024,https://media.ark.org/ardot/050475env.pdf,050475env.pdf,0,2026-09-14,,,,
061614,2024,https://media.ark.org/ardot/061614env.pdf,061614env.pdf,0,2026-09-14,,,,
061615,2024,https://media.ark.org/ardot/061615env.pdf,061615env.pdf,0,2026-09-14,,,,
061741,2024,https://media.ark.org/ardot/061741env.pdf,061741env.pdf,0,2026-09-14,,,,
061769,2024,https://media.ark.org/ardot/061769env-.pdf,061769env-.pdf,0,2026-09-14,,,,
061771,2024,https://media.ark.org/ardot/061771env.pdf,061771env.pdf,0,2026-09-14,,,,
061826,2024,https://media.ark.org/ardot/061826env.pdf,061826env.pdf,0,2026-09-14,,,,
061855,2024,https://media.ark.org/ardot/061855env.pdf,061855env.pdf,0,2026-09-14,,,,
070471,2024,https://media.ark.org/ardot/070471env.pdf,070471env.pdf,0,2026-09-14,,,,
070537,2024,https://media.ark.org/ardot/070537env.pdf,070537env.pdf,0,2026-09-14,,,,
070591,2024,https://media.ark.org/ardot/070591env.pdf,070591env.pdf,0,2026-09-14,,,,
080499,2024,https://media.ark.org/ardot/080499env.pdf,080499env.pdf,0,2026-09-14,,,,
080614,2024,https://media.ark.org/ardot/080614env.pdf,080614env.pdf,0,2026-09-14,,,,
080617,2024,https://media.ark.org/ardot/080617env.pdf,080617env.pdf,0,2026-09-14,,,,
080634,2024,https://media.ark.org/ardot/080634env.pdf,080634env.pdf,0,2026-09-14,,,,
080711,2024,https://media.ark.org/ardot/080711env.pdf,080711env.pdf,0,2026-09-14,,,,
090069,2024,https://media.ark.org/ardot/090069env.pdf,090069env.pdf,0,2026-09-14,,,,
090490,2024,https://media.ark.org/ardot/090490env.pdf,090490env.pdf,0,2026-09-14,,,,
090523,2024,https://media.ark.org/ardot/090523env.pdf,090523env.pdf,0,2026-09-14,,,,
090558,2024,https://media.ark.org/ardot/090558env.pdf,090558env.pdf,0,2026-09-14,,,,
090579,2024,https://media.ark.org/ardot/090579env.pdf,090579env.pdf,0,2026-09-14,,,,
090580,2024,https://media.ark.org/ardot/090580env.pdf,090580env.pdf,0,2026-09-14,,,,
090602,2024,https://media.ark.org/ardot/090602env.pdf,090602env.pdf,0,2026-09-14,,,,
090723,2024,https://media.ark.org/ardot/090723env.pdf,090723env.pdf,0,2026-09-14,,,,
100633,2024,https://media.ark.org/ardot/100633env.pdf,100633env.pdf,0,2026-09-14,,,,
100875,2024,https://media.ark.org/ardot/100875env.pdf,100875env.pdf,0,2026-09-14,,,,
100991,2024,https://media.ark.org/ardot/100991env.pdf,100991env.pdf,0,2026-09-14,,,,
101017,2024,https://media.ark.org/ardot/101017env.pdf,101017env.pdf,0,2026-09-14,,,,
101120,2024,https://media.ark.org/ardot/101120env.pdf,101120env.pdf,0,2026-09-14,,,,
101126,2024,https://media.ark.org/ardot/101126-env.pdf,101126-env.pdf,0,2026-09-14,,,,
101172,2024,https://media.ark.org/ardot/101172env.pdf,101172env.pdf,0,2026-09-14,,,,
110706,2024,https://media.ark.org/ardot/110706-env.pdf,110706-env.pdf,0,2026-09-14,,,,
110713,2024,https://media.ark.org/ardot/110713env.pdf,110713env.pdf,0,2026-09-14,,,,
110715,2024,https://media.ark.org/ardot/110715env.pdf,110715env.pdf,0,2026-09-14,,,,
110717,2024,https://media.ark.org/ardot/110717env.pdf,110717env.pdf,0,2026-09-14,,,,
110720,2024,https://media.ark.org/ardot/110720env.pdf,110720env.pdf,0,2026-09-14,,,,
110826,2024,https://media.ark.org/ardot/110826env.pdf,110826env.pdf,0,2026-09-14,,,,
110859,2024,https://media.ark.org/ardot/110859env.pdf,110859env.pdf,0,2026-09-14,,,,
A00058,2024,https://media.ark.org/ardot/A00058env.pdf,A00058env.pdf,0,2026-09-14,,,,
A00059,2024,https://media.ark.org/ardot/A00059env.pdf,A00059env.pdf,0,2026-09-14,,,,
A00061,2024,https://media.ark.org/ardot/A00061env.pdf,A00061env.pdf,0,2026-09-14,,,,
A00062,2024,https://media.ark.org/ardot/A00062env.pdf,A00062env.pdf,0,2026-09-14,,,,
A00063,2024,https://media.ark.org/ardot/A00063env.pdf,A00063env.pdf,0,2026-09-14,,,,
A00065,2024,https://media.ark.org/ardot/A000065env.pdf,A000065env.pdf,1,2026-09-14,,,,
A00066,2024,https://media.ark.org/ardot/A00066env.pdf,A00066env.pdf,0,2026-09-14,,,,
A00070,2024,https://media.ark.org/ardot/A00070env.pdf,A00070env.pdf,0,2026-09-14,,,,
A00071,2024,https://media.ark.org/ardot/A00071env.pdf,A00071env.pdf,0,2026-09-14,,,,
A10020,2024,https://media.ark.org/ardot/A10020env.pdf,A10020env.pdf,0,2026-09-14,,,,
A10027,2024,https://media.ark.org/ardot/A10027env.pdf,A10027env.pdf,0,2026-09-14,,,,
A10028,2024,https://media.ark.org/ardot/A10028env.pdf,A10028env.pdf,0,2026-09-14,,,,
A10029,2024,https://media.ark.org/ardot/A10029env.pdf,A10029env.pdf,0,2026-09-14,,,,
A10034,2024,https://media.ark.org/ardot/A10034env.pdf,A10034env.pdf,0,2026-09-14,,,,
A10038,2024,https://media.ark.org/ardot/A10038env.pdf,A10038env.pdf,0,2026-09-14,,,,
A10039,2024,https://media.ark.org/ardot/A10039env.pdf,A10039env.pdf,0,2026-09-14,,,,
A20026,2024,https://media.ark.org/ardot/A20026env.pdf,A20026env.pdf,0,2026-09-14,,,,
A20027,2024,https://media.ark.org/ardot/A20027env.pdf,A20027env.pdf,0,2026-09-14,,,,
A20029,2024,https://media.ark.org/ardot/A20029env.pdf,A20029env.pdf,0,2026-09-14,,,,
A30027,2024,https://media.ark.org/ardot/A30027env.pdf,A30027env.pdf,0,2026-09-14,,,,
A30028,2024,https://media.ark.org/ardot/A30028env.pdf,A30028env.pdf,0,2026-09-14,,,,
A30032,2024,https://media.ark.org/ardot/A30032env.pdf,A30032env.pdf,0,2026-09-14,,,,
A30033,2024,https://media.ark.org/ardot/A30033env.pdf,A30033env.pdf,0,2026-09-14,,,,
A30035,2024,https://media.ark.org/ardot/A30035env.pdf,A30035env.pdf,0,2026-09-14,,,,
A40028,2024,https://media.ark.org/ardot/A40028env.pdf,A40028env.pdf,0,2026-09-14,,,,
A40029,2024,https://media.ark.org/ardot/A40029env.pdf,A40029env.pdf,0,2026-09-14,,,,
A40031,2024,https://media.ark.org/ardot/A40031env.pdf,A40031env.pdf,0,2026-09-14,,,,
A40033,2024,https://media.ark.org/ardot/A40033env.pdf,A40033env.pdf,0,2026-09-14,,,,
A40035,2024,https://media.ark.org/ardot/A40035env.pdf,A40035env.pdf,0,2026-09-14,,,,
A40036,2024,https://media.ark.org/ardot/A40036env.pdf,A40036env.pdf,0,2026-09-14,,,,
A40037,2024,https://media.ark.org/ardot/A40037env.pdf,A40037env.pdf,0,2026-09-14,,,,
A50026,2024,https://media.ark.org/ardot/A50026env.pdf,A50026env.pdf,0,2026-09-14,,,,
A50027,2024,https://media.ark.org/ardot/A50027env.pdf,A50027env.pdf,0,2026-09-14,,,,
A50028,2024,https://media.ark.org/ardot/A50028env.pdf,A50028env.pdf,0,2026-09-14,,,,
A50029,2024,https://media.ark.org/ardot/A50029env.pdf,A50029env.pdf,0,2026-09-14,,,,
A50031,2024,https://media.ark.org/ardot/A50031env.pdf,A50031env.pdf,0,2026-09-14,,,,
A50032,2024,https://media.ark.org/ardot/A50032env.pdf,A50032env.pdf,0,2026-09-14,,,,
A60035,2024,https://media.ark.org/ardot/A60035env.pdf,A60035env.pdf,0,2026-09-14,,,,
A60036,2024,https://media.ark.org/ardot/A60036env.pdf,A60036env.pdf,0,2026-09-14,,,,
A60037,2024,https://media.ark.org/ardot/A60037env.pdf,A60037env.pdf,0,2026-09-14,,,,
A60038,2024,https://media.ark.org/ardot/A60038env.pdf,A60038env.pdf,0,2026-09-14,,,,
A60041,2024,https://media.ark.org/ardot/A60041env.pdf,A60041env.pdf,0,2026-09-14,,,,
A60043,2024,https://media.ark.org/ardot/A60043env.pdf,A60043env.pdf,0,2026-09-14,,,,
A60044,2024,https://media.ark.org/ardot/A60044env.pdf,A60044env.pdf,0,2026-09-14,,,,
A60046,2024,https://media.ark.org/ardot/A60046env.pdf,A60046env.pdf,0,2026-09-14,,,,
A60047,2024,https://media.ark.org/ardot/A60047env.pdf,A60047env.pdf,0,2026-09-14,,,,
A60050,2024,https://media.ark.org/ardot/A60050env.pdf,A60050env.pdf,0,2026-09-14,,,,
A60051,2024,https://media.ark.org/ardot/A60051env.pdf,A60051env.pdf,0,2026-09-14,,,,
A70017,2024,https://media.ark.org/ardot/A70017env.pdf,A70017env.pdf,0,2026-09-14,,,,
A70026,2024,https://media.ark.org/ardot/A70026env.pdf,A70026env.pdf,0,2026-09-14,,,,
A70027,2024,https://media.ark.org/ardot/A70027env.pdf,A70027env.pdf,0,2026-09-14,,,,
A70029,2024,https://media.ark.org/ardot/A70029env.pdf,A70029env.pdf,0,2026-09-14,,,,
A70030,2024,https://media.ark.org/ardot/A70030env.pdf,A70030env.pdf,0,2026-09-14,,,,
A70031,2024,https://media.ark.org/ardot/A70031env.pdf,A70031env.pdf,0,2026-09-14,,,,
A80028,2024,https://media.ark.org/ardot/A80028env.pdf,A80028env.pdf,0,2026-09-14,,,,
A80030,2024,https://media.ark.org/ardot/A80030env.pdf,A80030env.pdf,0,2026-09-14,,,,
A80031,2024,https://media.ark.org/ardot/A80031env.pdf,A80031env.pdf,0,2026-09-14,,,,
A80032,2024,https://media.ark.org/ardot/A80032env.pdf,A80032env.pdf,0,2026-09-14,,,,
A80034,2024,https://media.ark.org/ardot/A80034env.pdf,A80034env.pdf,0,2026-09-14,,,,
A80035,2024,https://media.ark.org/ardot/A80035env.pdf,A80035env.pdf,0,2026-09-14,,,,
A80037,2024,https://media.ark.org/ardot/A80037env.pdf,A80037env.pdf,0,2026-09-14,,,,
A90024,2024,https://media.ark.org/ardot/A90024env.pdf,A90024env.pdf,0,2026-09-14,,,,
A90025,2024,https://media.ark.org/ardot/A90025env.pdf,A90025env.pdf,0,2026-09-14,,,,
A90026,2024,https://media.ark.org/ardot/A90026env.pdf,A90026env.pdf,0,2026-09-14,,,,
A90027,2024,https://media.ark.org/ardot/A90027env.pdf,A90027env.pdf,0,2026-09-14,,,,
A90028,2024,https://media.ark.org/ardot/A90028env.pdf,A90028env.pdf,0,2026-09-14,,,,
A90029,2024,https://media.ark.org/ardot/A90029env.pdf,A90029env.pdf,0,2026-09-14,,,,
A90030,2024,https://media.ark.org/ardot/A90030env.pdf,A90030env.pdf,0,2026-09-14,,,,
AX0005,2024,https://media.ark.org/ardot/AX0005env.pdf,AX0005env.pdf,0,2026-09-14,,,,
AX0006,2024,https://media.ark.org/ardot/AX0006env.pdf,AX0006env.pdf,0,2026-09-14,,,,
AX0007,2024,https://media.ark.org/ardot/AX0007env.pdf,AX0007env.pdf,0,2026-09-14,,,,
FA7119,2024,https://media.ark.org/ardot/FA7119env.pdf,FA7119env.pdf,0,2026-09-14,,,,
012549,2025,https://media.ark.org/ardot/012549env.pdf,012549env.pdf,0,2026-09-14,,,,
012551,2025,https://media.ark.org/ardot/012551env.pdf,012551env.pdf,0,2026-09-14,,,,
020628,2025,https://media.ark.org/ardot/020628nepa.pdf,020628nepa.pdf,0,2026-09-14,,,,
030594,2025,https://media.ark.org/ardot/030594env.pdf,030594env.pdf,0,2026-09-14,,,,
040714,2025,https://media.ark.org/ardot/040714_env.pdf,040714_env.pdf,0,2026-09-14,,,,
040746,2025,https://media.ark.org/ardot/040746nepa.pdf,040746nepa.pdf,0,2026-09-14,,,,
040866,2025,https://media.ark.org/ardot/040866_env.pdf,040866_env.pdf,0,2026-09-14,,,,
040885,2025,https://media.ark.org/ardot/040885nepa.pdf,040885nepa.pdf,0,2026-09-14,,,,
040889,2025,https://media.ark.org/ardot/040889nepa.pdf,040889nepa.pdf,0,2026-09-14,,,,
040965,2025,https://media.ark.org/ardot/040965env.pdf,040965env.pdf,0,2026-09-14,,,,
040994,2025,https://media.ark.org/ardot/040994env.pdf,040994env.pdf,0,2026-09-14,,,,
061467,2025,https://media.ark.org/ardot/061467_env.pdf,061467_env.pdf,0,2026-09-14,,,,
061510,2025,https://media.ark.org/ardot/061510nepa.pdf,061510nepa.pdf,0,2026-09-14,,,,
061708,2025,https://media.ark.org/ardot/061708env.pdf,061708env.pdf,0,2026-09-14,,,,
061744,2025,https://media.ark.org/ardot/061744env.pdf,061744env.pdf,0,2026-09-14,,,,
061745,2025,https://media.ark.org/ardot/061745env.pdf,061745env.pdf,0,2026-09-14,,,,
061856,2025,https://media.ark.org/ardot/061856env.pdf,061856env.pdf,0,2026-09-14,,,,
061888,2025,https://media.ark.org/ardot/061888env.pdf,061888env.pdf,0,2026-09-14,,,,
061915,2025,https://media.ark.org/ardot/061915nepa.pdf,061915nepa.pdf,0,2026-09-14,,,,
070509,2025,https://media.ark.org/ardot/070509nepa.pdf,070509nepa.pdf,0,2026-09-14,,,,
090433,2025,https://media.ark.org/ardot/090433env.pdf,090433env.pdf,0,2026-09-14,,,,
090581,2025,https://media.ark.org/ardot/090581_env.pdf,090581_env.pdf,0,2026-09-14,,,,
090647,2025,https://media.ark.org/ardot/090647nepa.pdf,090647nepa.pdf,0,2026-09-14,,,,
090651,2025,https://media.ark.org/ardot/090651env.pdf,090651env.pdf,0,2026-09-14,,,,
090672,2025,https://media.ark.org/ardot/090672env.pdf,090672env.pdf,0,2026-09-14,,,,
100879,2025,https://media.ark.org/ardot/100879env.pdf,100879env.pdf,0,2026-09-14,,,,
100995,2025,https://media.ark.org/ardot/100995env.pdf,100995env.pdf,0,2026-09-14,,,,
101091,2025,https://media.ark.org/ardot/101091env.pdf,101091env.pdf,0,2026-09-14,,,,
101132,2025,https://media.ark.org/ardot/101132nepa.pdf,101132nepa.pdf,0,2026-09-14,,,,
101234,2025,https://media.ark.org/ardot/101234env.pdf,101234env.pdf,0,2026-09-14,,,,
110747,2025,https://media.ark.org/ardot/110747env.pdf,110747env.pdf,0,2026-09-14,,,,
110833,2025,https://media.ark.org/ardot/110833env.pdf,110833env.pdf,0,2026-09-14,,,,
110861,2025,https://media.ark.org/ardot/110861_env.pdf,110861_env.pdf,0,2026-09-14,,,,
A00072,2025,https://media.ark.org/ardot/A00072env.pdf,A00072env.pdf,0,2026-09-14,,,,
A00073,2025,https://media.ark.org/ardot/A00073env.pdf,A00073env.pdf,0,2026-09-14,,,,
A00075,2025,https://media.ark.org/ardot/A00075env.pdf,A00075env.pdf,0,2026-09-14,,,,
A00077,2025,https://media.ark.org/ardot/A00077env.pdf,A00077env.pdf,0,2026-09-14,,,,
A00085,2025,https://media.ark.org/ardot/A00085env.pdf,A00085env.pdf,0,2026-09-14,,,,
A00094,2025,https://media.ark.org/ardot/A00094env.pdf,A00094env.pdf,0,2026-09-14,,,,
A10036,2025,https://media.ark.org/ardot/A10036env.pdf,A10036env.pdf,0,2026-09-14,,,,
A10037,2025,https://media.ark.org/ardot/A10037env.pdf,A10037env.pdf,0,2026-09-14,,,,
A10040,2025,https://media.ark.org/ardot/A10040env.pdf,A10040env.pdf,0,2026-09-14,,,,
A10041,2025,https://media.ark.org/ardot/A10041env.pdf,A10041env.pdf,0,2026-09-14,,,,
A10044,2025,https://media.ark.org/ardot/A10044env.pdf,A10044env.pdf,0,2026-09-14,,,,
A10045,2025,https://media.ark.org/ardot/A10045env.pdf,A10045env.pdf,0,2026-09-14,,,,
A10046,2025,https://media.ark.org/ardot/A10046env.pdf,A10046env.pdf,0,2026-09-14,,,,
A10047,2025,https://media.ark.org/ardot/A10047env.pdf,A10047env.pdf,0,2026-09-14,,,,
A10050,2025,https://media.ark.org/ardot/A10050env.pdf,A10050env.pdf,0,2026-09-14,,,,
A20023,2025,https://media.ark.org/ardot/A20023env.pdf,A20023env.pdf,0,2026-09-14,,,,
A20031,2025,https://media.ark.org/ardot/A20031env.pdf,A20031env.pdf,0,2026-09-14,,,,
A20032,2025,https://media.ark.org/ardot/A20032env.pdf,A20032env.pdf,0,2026-09-14,,,,
A20034,2025,https://media.ark.org/ardot/A20034env.pdf,A20034env.pdf,0,2026-09-14,,,,
A20036,2025,https://media.ark.org/ardot/A20036env.pdf,A20036env.pdf,0,2026-09-14,,,,
A30034,2025,https://media.ark.org/ardot/A30034env.pdf,A30034env.pdf,0,2026-09-14,,,,
A30036,2025,https://media.ark.org/ardot/A30036env.pdf,A30036env.pdf,0,2026-09-14,,,,
A30038,2025,https://media.ark.org/ardot/A30038env.pdf,A30038env.pdf,0,2026-09-14,,,,
A30041,2025,https://media.ark.org/ardot/A30041env.pdf,A30041env.pdf,0,2026-09-14,,,,
A40030,2025,https://media.ark.org/ardot/A40030env.pdf,A40030env.pdf,0,2026-09-14,,,,
A40038,2025,https://media.ark.org/ardot/A40038env.pdf,A40038env.pdf,0,2026-09-14,,,,
A40040,2025,https://media.ark.org/ardot/A40040env.pdf,A40040env.pdf,0,2026-09-14,,,,
A40041,2025,https://media.ark.org/ardot/A40041env.pdf,A40041env.pdf,0,2026-09-14,,,,
A40042,2025,https://media.ark.org/ardot/A40042env.pdf,A40042env.pdf,0,2026-09-14,,,,
A40048,2025,https://media.ark.org/ardot/A40048env.pdf,A40048env.pdf,0,2026-09-14,,,,
A40053,2025,https://media.ark.org/ardot/A40053env.pdf,A40053env.pdf,0,2026-09-14,,,,
A50036,2025,https://media.ark.org/ardot/A50036env.pdf,A50036env.pdf,0,2026-09-14,,,,
A50037,2025,https://media.ark.org/ardot/A50037env.pdf,A50037env.pdf,0,2026-09-14,,,,
A50038,2025,https://media.ark.org/ardot/A50038env.pdf,A50038env.pdf,0,2026-09-14,,,,
A50040,2025,https://media.ark.org/ardot/A50040env.pdf,A50040env.pdf,0,2026-09-14,,,,
A50047,2025,https://media.ark.org/ardot/A50047env.pdf,A50047env.pdf,0,2026-09-14,,,,
A50048,2025,https://media.ark.org/ardot/A50048env.pdf,A50048env.pdf,0,2026-09-14,,,,
A60034,2025,https://media.ark.org/ardot/A60034env.pdf,A60034env.pdf,0,2026-09-14,,,,
A60039,2025,https://media.ark.org/ardot/A60039env.pdf,A60039env.pdf,0,2026-09-14,,,,
A60040,2025,https://media.ark.org/ardot/A60040env.pdf,A60040env.pdf,0,2026-09-14,,,,
A60042,2025,https://media.ark.org/ardot/A60042env.pdf,A60042env.pdf,0,2026-09-14,,,,
A60048,2025,https://media.ark.org/ardot/A60048env.pdf,A60048env.pdf,0,2026-09-14,,,,
A60049,2025,https://media.ark.org/ardot/A60049env.pdf,A60049env.pdf,0,2026-09-14,,,,
A60055,2025,https://media.ark.org/ardot/A60055env.pdf,A60055env.pdf,0,2026-09-14,,,,
A60056,2025,https://media.ark.org/ardot/A60056env.pdf,A60056env.pdf,0,2026-09-14,,,,
A70034,2025,https://media.ark.org/ardot/A70034env.pdf,A70034env.pdf,0,2026-09-14,,,,
A70036,2025,https://media.ark.org/ardot/A70036env.pdf,A70036env.pdf,0,2026-09-14,,,,
A70037,2025,https://media.ark.org/ardot/A70037env.pdf,A70037env.pdf,0,2026-09-14,,,,
A70040,2025,https://media.ark.org/ardot/A70040env.pdf,A70040env.pdf,0,2026-09-14,,,,
A70043,2025,https://media.ark.org/ardot/A70043env.pdf,A70043env.pdf,0,2026-09-14,,,,
A80036,2025,https://media.ark.org/ardot/A80036env.pdf,A80036env.pdf,0,2026-09-14,,,,
A80038,2025,https://media.ark.org/ardot/A80038env.pdf,A80038env.pdf,0,2026-09-14,,,,
A80044,2025,https://media.ark.org/ardot/A80044env.pdf,A80044env.pdf,0,2026-09-14,,,,
A90032,2025,https://media.ark.org/ardot/A90032env.pdf,A90032env.pdf,0,2026-09-14,,,,
A90033,2025,https://media.ark.org/ardot/A90033env.pdf,A90033env.pdf,0,2026-09-14,,,,
A90034,2025,https://media.ark.org/ardot/A90034env.pdf,A90034env.pdf,0,2026-09-14,,,,
A90035,2025,https://media.ark.org/ardot/A90035env.pdf,A90035env.pdf,0,2026-09-14,,,,
A90041,2025,https://media.ark.org/ardot/A90041env.pdf,A90041env.pdf,0,2026-09-14,,,,
A90042,2025,https://media.ark.org/ardot/A90042env.pdf,A90042env.pdf,0,2026-09-14,,,,
AX0010,2025,https://media.ark.org/ardot/AX0010env.pdf,AX0010env.pdf,0,2026-09-14,,,,
C32005,2025,https://media.ark.org/ardot/C32005_env.pdf,C32005_env.pdf,0,2026-09-14,,,,
012535,2026,https://media.ark.org/ardot/012535_env.pdf,012535_env.pdf,0,2026-09-14,,,,
012538,2026,https://media.ark.org/ardot/012538env.pdf,012538env.pdf,0,2026-09-14,,,,
012539,2026,https://media.ark.org/ardot/012539env.pdf,012539env.pdf,0,2026-09-14,,,,
012542,2026,https://media.ark.org/ardot/012550env.pdf,012550env.pdf,1,2026-09-14,,,,
012550,2026,https://media.ark.org/ardot/012550env.pdf,012550env.pdf,0,2026-09-14,,,,
012552,2026,https://media.ark.org/ardot/012552env.pdf,012552env.pdf,0,2026-09-14,,,,
020738,2026,https://media.ark.org/ardot/020738env-1.pdf,020738env-1.pdf,0,2026-09-14,,,,
020802,2026,https://media.ark.org/ardot/020802_env.pdf,020802_env.pdf,0,2026-09-14,,,,
030531,2026,https://media.ark.org/ardot/030531_env.pdf,030531_env.pdf,0,2026-09-14,,,,
030656,2026,https://media.ark.org/ardot/030656env.pdf,030656env.pdf,0,2026-09-14,,,,
040904,2026,https://media.ark.org/ardot/040904_env-1.pdf,040904_env-1.pdf,0,2026-09-14,,,,
061371,2026,https://media.ark.org/ardot/061371env.pdf,061371env.pdf,0,2026-09-14,,,,
061748,2026,https://media.ark.org/ardot/061748_env.pdf,061748_env.pdf,0,2026-09-14,,,,
061920,2026,https://media.ark.org/ardot/061920env.pdf,061920env.pdf,0,2026-09-14,,,,
070458,2026,https://media.ark.org/ardot/070458_env-1.pdf,070458_env-1.pdf,0,2026-09-14,,,,
090593,2026,https://media.ark.org/ardot/090593env.pdf,090593env.pdf,0,2026-09-14,,,,
090702,2026,https://media.ark.org/ardot/090702_env.pdf,090702_env.pdf,0,2026-09-14,,,,
090742,2026,https://media.ark.org/ardot/090742_env.pdf,090742_env.pdf,0,2026-09-14,,,,
100881,2026,https://media.ark.org/ardot/100881env.pdf,100881env.pdf,0,2026-09-14,,,,
101003,2026,https://media.ark.org/ardot/101003env-1.pdf,101003env-1.pdf,0,2026-09-14,,,,
101100,2026,https://media.ark.org/ardot/101100env-1.pdf,101100env-1.pdf,0,2026-09-14,,,,
101115,2026,https://media.ark.org/ardot/101115_env.pdf,101115_env.pdf,0,2026-09-14,,,,
101189,2026,https://media.ark.org/ardot/101189_env.pdf,101189_env.pdf,0,2026-09-14,,,,
110716,2026,https://media.ark.org/ardot/110716_env.pdf,110716_env.pdf,0,2026-09-14,,,,
110751,2026,https://media.ark.org/ardot/110751_env.pdf,110751_env.pdf,0,2026-09-14,,,,
110812,2026,https://media.ark.org/ardot/110812_env.pdf,110812_env.pdf,0,2026-09-14,,,,
110831,2026,https://media.ark.org/ardot/110831_env.pdf,110831_env.pdf,0,2026-09-14,,,,
110832,2026,https://media.ark.org/ardot/110832_env.pdf,110832_env.pdf,0,2026-09-14,,,,
110876,2026,https://media.ark.org/ardot/110876_env.pdf,110876_env.pdf,0,2026-09-14,,,,
A00074,2026,https://media.ark.org/ardot/A00074_env.pdf,A00074_env.pdf,0,2026-09-14,,,,
A00091,2026,https://media.ark.org/ardot/A00091env.pdf,A00091env.pdf,0,2026-09-14,,,,
A00092,2026,https://media.ark.org/ardot/A00092env.pdf,A00092env.pdf,0,2026-09-14,,,,
A00093,2026,https://media.ark.org/ardot/A00093_env.pdf,A00093_env.pdf,0,2026-09-14,,,,
A00095,2026,https://media.ark.org/ardot/A00095_env.pdf,A00095_env.pdf,0,2026-09-14,,,,
A00096,2026,https://media.ark.org/ardot/A00096env.pdf,A00096env.pdf,0,2026-09-14,,,,
A00097,2026,https://media.ark.org/ardot/A00097env.pdf,A00097env.pdf,0,2026-09-14,,,,
A10031,2026,https://media.ark.org/ardot/A10031env.pdf,A10031env.pdf,0,2026-09-14,,,,
A10051,2026,https://media.ark.org/ardot/A10051env.pdf,A10051env.pdf,0,2026-09-14,,,,
A10052,2026,https://media.ark.org/ardot/A10052_env.pdf,A10052_env.pdf,0,2026-09-14,,,,
A20033,2026,https://media.ark.org/ardot/A20033_env.pdf,A20033_env.pdf,0,2026-09-14,,,,
A20037,2026,https://media.ark.org/ardot/A20037env.pdf,A20037env.pdf,0,2026-09-14,,,,
A20038,2026,https://media.ark.org/ardot/A20038env.pdf,A20038env.pdf,0,2026-09-14,,,,
A30028,2026,https://media.ark.org/ardot/A30028_env.pdf,A30028_env.pdf,0,2026-09-14,,,,
A30029,2026,https://media.ark.org/ardot/A30029env.pdf,A30029env.pdf,0,2026-09-14,,,,
A30031,2026,https://media.ark.org/ardot/A30031_env.pdf,A30031_env.pdf,0,2026-09-14,,,,
A30039,2026,https://media.ark.org/ardot/A30039env.pdf,A30039env.pdf,0,2026-09-14,,,,
A30040,2026,https://media.ark.org/ardot/A30040env.pdf,A30040env.pdf,0,2026-09-14,,,,
A30044,2026,https://media.ark.org/ardot/A30044_env.pdf,A30044_env.pdf,0,2026-09-14,,,,
A40047,2026,https://media.ark.org/ardot/A40047env.pdf,A40047env.pdf,0,2026-09-14,,,,
A40049,2026,https://media.ark.org/ardot/A40049_env.pdf,A40049_env.pdf,0,2026-09-14,,,,
A40050,2026,https://media.ark.org/ardot/A40050_env.pdf,A40050_env.pdf,0,2026-09-14,,,,
A40051,2026,https://media.ark.org/ardot/A40051env.pdf,A40051env.pdf,0,2026-09-14,,,,
A40052,2026,https://media.ark.org/ardot/A40052_env.pdf,A40052_env.pdf,0,2026-09-14,,,,
A40056,2026,https://media.ark.org/ardot/A40056_env.pdf,A40056_env.pdf,0,2026-09-14,,,,
A50044,2026,https://media.ark.org/ardot/A50044_env.pdf,A50044_env.pdf,0,2026-09-14,,,,
A50045,2026,https://media.ark.org/ardot/A50045env.pdf,A50045env.pdf,0,2026-09-14,,,,
A50046,2026,https://media.ark.org/ardot/A50046_env.pdf,A50046_env.pdf,0,2026-09-14,,,,
A60057,2026,https://media.ark.org/ardot/A60057env.pdf,A60057env.pdf,0,2026-09-14,,,,
A60058,2026,https://media.ark.org/ardot/A60058_env.pdf,A60058_env.pdf,0,2026-09-14,,,,
A60059,2026,https://media.ark.org/ardot/A60059env.pdf,A60059env.pdf,0,2026-09-14,,,,
A60063,2026,https://media.ark.org/ardot/A60063_env.pdf,A60063_env.pdf,0,2026-09-14,,,,
A70035,2026,https://media.ark.org/ardot/A70035env.pdf,A70035env.pdf,0,2026-09-14,,,,
A70039,2026,https://media.ark.org/ardot/A70039_env.pdf,A70039_env.pdf,0,2026-09-14,,,,
A70041,2026,https://media.ark.org/ardot/A70041env.pdf,A70041env.pdf,0,2026-09-14,,,,
A70042,2026,https://media.ark.org/ardot/A70042_env.pdf,A70042_env.pdf,0,2026-09-14,,,,
A80041,2026,https://media.ark.org/ardot/A80041env.pdf,A80041env.pdf,0,2026-09-14,,,,
A80042,2026,https://media.ark.org/ardot/A80042env.pdf,A80042env.pdf,0,2026-09-14,,,,
A80045,2026,https://media.ark.org/ardot/A80045_env.pdf,A80045_env.pdf,0,2026-09-14,,,,
A80046,2026,https://media.ark.org/ardot/A80046env.pdf,A80046env.pdf,0,2026-09-14,,,,
A90038,2026,https://media.ark.org/ardot/A90038env.pdf,A90038env.pdf,0,2026-09-14,,,,
A90039,2026,https://media.ark.org/ardot/A90039env.pdf,A90039env.pdf,0,2026-09-14,,,,
A90040,2026,https://media.ark.org/ardot/A90040_env.pdf,A90040_env.pdf,0,2026-09-14,,,,
A90043,2026,https://media.ark.org/ardot/A90043env.pdf,A90043env.pdf,0,2026-09-14,,,,
A90046,2026,https://media.ark.org/ardot/A90046_env.pdf,A90046_env.pdf,0,2026-09-14,,,,
AX0008,2026,https://media.ark.org/ardot/AX0008env.pdf,AX0008env.pdf,0,2026-09-14,,,,
BR2814,2026,https://media.ark.org/ardot/BR2814_env.pdf,BR2814_env.pdf,0,2026-09-14,,,,
C22005,2026,https://media.ark.org/ardot/C22005_env.pdf,C22005_env.pdf,0,2026-09-14,,,,
C73017,2026,https://media.ark.org/ardot/C73017_env.pdf,C73017_env.pdf,0,2026-09-14,,,,
CB0401,2026,https://media.ark.org/ardot/CB0401_env-1.pdf,CB0401_env-1.pdf,0,2026-09-14,,,,
FA1108,2026,https://media.ark.org/ardot/FA1108env.pdf,FA1108env.pdf,0,2026-09-14,,,,
FA5310,2026,https://media.ark.org/ardot/FA5310_env.pdf,FA5310_env.pdf,0,2026-09-14,,,,
